,unit,sex,age,geo,2008,2009,2010,2011,2012,2013,2014,2015,2016,2017,2018,2019
0,PC,F,Y15-64,AT11,64.2,64.7,64.8,64.5,64.8,64.9,64.7,64.9,65.9,66.4,66.6,67.1
1,PC,F,Y15-64,AT12,66.6,66.7,66.9,67.4,68.1,67.6,68.4,69.2,69.2,70.5,70.3,70.1
2,PC,F,Y15-64,AT13,61.1,61.8,62.0,62.4,62.5,63.0,62.1,62.0,62.6,62.4,63.0,63.2
3,PC,F,Y15-64,AT21,61.6,62.2,62.9,63.1,64.1,64.8,65.3,64.7,65.1,66.3,67.0,67.0
4,PC,F,Y15-64,AT22,64.8,64.9,65.9,66.3,65.6,66.1,66.3,66.6,67.3,68.7,69.0,70.1
5,PC,F,Y15-64,AT31,67.5,67.2,68.3,68.8,70.0,69.4,70.1,70.1,70.8,71.1,71.0,72.8
6,PC,F,Y15-64,AT32,67.1,68.2,67.8,68.8,70.2,70.9,69.4,70.0,71.6,71.5,72.9,73.4
7,PC,F,Y15-64,AT33,66.1,67.1,67.4,67.3,68.6,69.7,69.9,69.5,69.8,69.8,71.4,72.1
8,PC,F,Y15-64,AT34,64.1,65.2,65.4,65.6,67.3,68.2,69.4,69.6,71.2,70.4,71.1,71.6
9,PC,F,Y15-64,BE10,48.4,49.3,48.7,48.6,48.6,48.5,49.8,49.2,50.3,50.5,52.4,51.8
10,PC,F,Y15-64,BE21,58.6,57.4,59.4,57.9,57.8,58.8,59.2,61.0,58.9,60.0,63.2,64.5
11,PC,F,Y15-64,BE22,57.4,58.7,58.8,59.6,59.0,59.2,60.3,59.8,59.8,62.5,64.8,65.0
12,PC,F,Y15-64,BE23,63.2,62.7,62.9,63.5,62.5,63.9,64.0,64.8,64.5,63.6,67.1,68.6
13,PC,F,Y15-64,BE24,63.3,63.3,63.2,63.4,64.2,63.7,65.0,64.1,64.8,64.6,67.4,67.9
14,PC,F,Y15-64,BE25,61.3,61.2,62.4,63.4,62.6,63.3,63.9,64.9,65.5,66.7,67.9,68.4
15,PC,F,Y15-64,BE31,57.3,56.1,57.8,57.1,58.1,59.3,59.0,59.1,58.7,62.6,62.8,62.6
16,PC,F,Y15-64,BE32,47.8,46.6,46.9,47.7,48.5,49.0,49.3,49.5,50.4,49.5,50.2,52.5
17,PC,F,Y15-64,BE33,49.9,50.2,50.1,51.0,51.5,51.6,51.8,51.8,51.7,51.8,53.5,55.5
18,PC,F,Y15-64,BE34,54.0,54.3,56.7,55.8,58.0,58.5,57.1,56.1,57.5,59.7,59.7,61.7
19,PC,F,Y15-64,BE35,51.5,53.1,52.7,53.8,54.8,52.8,58.1,53.7,55.4,58.4,58.1,58.7
20,PC,F,Y15-64,BG31,56.4,55.1,52.9,51.5,51.4,53.1,54.7,54.6,51.6,54.8,56.4,56.3
21,PC,F,Y15-64,BG32,54.0,52.7,51.4,52.0,53.1,52.3,53.8,56.9,58.7,60.4,60.7,65.4
22,PC,F,Y15-64,BG33,54.9,53.8,52.0,51.0,51.4,52.7,55.6,57.5,57.3,59.9,58.5,60.1
23,PC,F,Y15-64,BG34,56.2,54.9,53.6,54.3,55.3,53.4,52.9,55.8,57.3,60.4,61.8,64.7
24,PC,F,Y15-64,BG41,67.6,67.2,63.9,63.0,62.4,62.8,64.6,66.7,66.7,69.6,71.5,73.2
25,PC,F,Y15-64,BG42,58.4,56.4,53.9,52.8,55.3,57.5,58.1,57.9,58.4,62.6,62.5,64.9
26,PC,F,Y15-64,CH01,69.6,69.9,65.4,66.7,67.7,67.1,67.3,68.3,68.9,69.1,69.6,69.8
27,PC,F,Y15-64,CH02,74.7,74.8,73.0,73.9,74.7,75.0,76.1,77.1,77.3,77.2,77.9,78.6
28,PC,F,Y15-64,CH03,73.8,73.4,72.2,73.9,73.7,73.7,74.0,74.8,75.3,75.6,75.7,76.3
29,PC,F,Y15-64,CH04,76.4,75.2,74.1,75.0,75.4,75.7,77.7,77.5,78.0,76.9,77.7,79.1
30,PC,F,Y15-64,CH05,75.9,75.9,73.2,73.9,74.8,75.1,76.4,77.0,77.9,77.9,78.2,78.5
31,PC,F,Y15-64,CH06,75.3,76.5,73.5,76.4,76.7,78.1,78.4,78.4,80.4,79.0,79.5,81.3
32,PC,F,Y15-64,CH07,61.0,62.6,63.1,62.8,60.9,61.3,60.7,63.0,65.5,67.2,66.0,64.4
33,PC,F,Y15-64,CY00,62.9,62.3,63.0,62.1,59.4,56.9,58.6,59.0,59.3,61.4,64.2,65.2
34,PC,F,Y15-64,CZ01,64.0,64.2,62.8,63.1,64.4,65.7,67.3,66.1,68.6,70.5,72.1,72.0
35,PC,F,Y15-64,CZ02,59.4,58.4,57.9,59.0,61.6,61.8,62.0,63.9,65.0,67.1,69.5,70.6
36,PC,F,Y15-64,CZ03,60.4,58.2,57.9,59.1,59.2,60.4,61.3,63.4,64.9,66.5,67.2,67.1
37,PC,F,Y15-64,CZ04,52.6,51.3,52.0,53.9,52.5,55.1,56.5,58.4,62.4,64.0,64.5,65.0
38,PC,F,Y15-64,CZ05,57.2,55.3,55.3,56.8,57.6,58.7,60.2,62.5,64.9,65.3,67.0,67.7
39,PC,F,Y15-64,CZ06,56.5,56.1,57.2,56.1,57.1,60.0,60.9,63.3,64.3,66.0,66.8,67.7
40,PC,F,Y15-64,CZ07,56.7,55.7,53.5,55.9,57.3,57.7,58.8,61.1,62.6,65.0,67.0,66.0
41,PC,F,Y15-64,CZ08,54.1,54.3,53.0,54.1,56.0,56.8,57.9,59.1,62.1,64.4,66.6,67.5
42,PC,F,Y15-64,DE11,67.5,67.7,67.7,69.6,69.9,70.9,72.3,72.6,73.3,73.5,74.2,74.7
43,PC,F,Y15-64,DE12,66.7,66.2,66.5,68.1,68.9,70.5,69.9,70.4,72.2,71.3,72.7,73.7
44,PC,F,Y15-64,DE13,69.4,70.8,71.1,73.1,73.2,74.1,74.2,73.7,74.6,75.2,75.8,75.4
45,PC,F,Y15-64,DE14,67.1,67.9,69.7,71.6,71.2,72.7,72.3,73.5,74.7,74.7,74.7,75.9
46,PC,F,Y15-64,DE21,69.1,69.8,70.2,71.9,72.5,73.6,74.1,74.4,75.3,75.8,76.5,77.4
47,PC,F,Y15-64,DE22,66.3,66.9,69.1,69.8,70.8,71.4,72.3,72.2,73.5,74.0,73.6,75.3
48,PC,F,Y15-64,DE23,67.7,66.7,66.7,68.7,68.5,70.4,73.1,72.4,71.8,73.8,73.5,74.0
49,PC,F,Y15-64,DE24,66.1,65.3,65.7,69.7,70.7,72.2,73.0,72.4,74.1,75.1,75.2,77.5
50,PC,F,Y15-64,DE25,67.9,67.3,68.8,71.3,71.7,71.8,72.7,72.5,72.9,72.7,73.6,73.6
51,PC,F,Y15-64,DE26,65.6,65.4,67.6,69.8,68.8,70.5,70.5,72.1,72.9,72.2,73.3,74.4
52,PC,F,Y15-64,DE27,66.7,67.4,69.6,70.1,71.0,70.8,71.9,72.4,73.1,73.3,73.3,75.2
53,PC,F,Y15-64,DE30,60.3,63.0,64.0,65.1,65.6,66.0,66.8,66.5,68.9,69.7,71.2,71.8
54,PC,F,Y15-64,DE40,67.9,69.4,71.1,72.7,71.8,72.9,72.6,73.0,75.3,76.1,76.4,76.6
55,PC,F,Y15-64,DE50,60.1,61.8,63.7,64.0,63.8,64.0,65.2,65.0,67.3,68.7,67.9,67.8
56,PC,F,Y15-64,DE60,65.6,67.1,67.7,69.6,69.8,70.9,71.1,72.3,72.4,72.8,73.1,74.3
57,PC,F,Y15-64,DE71,64.8,65.5,66.5,67.8,68.4,69.1,68.0,69.1,69.2,70.7,71.1,71.8
58,PC,F,Y15-64,DE72,63.9,64.4,63.7,65.6,65.1,67.6,68.3,67.4,68.8,69.4,67.9,68.3
59,PC,F,Y15-64,DE73,62.8,64.9,64.7,68.4,68.4,69.6,68.9,69.9,71.1,71.0,72.5,72.8
60,PC,F,Y15-64,DE80,65.5,67.2,68.8,68.7,68.0,68.3,69.4,69.9,71.2,72.1,71.8,73.3
61,PC,F,Y15-64,DE91,59.9,61.2,63.4,65.7,65.7,65.7,65.9,67.6,66.5,68.7,69.7,70.3
62,PC,F,Y15-64,DE92,63.5,63.5,64.9,66.3,67.7,68.6,68.7,68.6,68.6,69.0,70.5,71.7
63,PC,F,Y15-64,DE93,63.6,66.2,66.9,68.8,68.2,69.8,71.6,72.2,71.5,72.7,73.7,74.0
64,PC,F,Y15-64,DE94,61.8,62.7,65.2,66.5,67.7,69.4,69.0,68.6,69.7,70.9,71.7,71.5
65,PC,F,Y15-64,DEA1,60.5,61.3,61.6,63.8,63.5,63.8,64.4,64.6,65.7,67.1,67.1,67.6
66,PC,F,Y15-64,DEA2,60.6,61.4,61.9,63.6,64.2,64.7,65.6,66.7,68.6,68.7,68.6,69.8
67,PC,F,Y15-64,DEA3,61.1,61.7,62.7,64.2,64.5,64.3,65.6,67.0,67.1,67.5,69.6,70.3
68,PC,F,Y15-64,DEA4,62.5,62.3,63.4,64.4,66.4,67.3,66.9,68.5,69.3,70.0,70.4,70.7
69,PC,F,Y15-64,DEA5,58.5,59.3,59.9,62.6,62.4,63.9,65.0,65.3,65.3,66.5,68.0,68.2
70,PC,F,Y15-64,DEB1,63.9,64.6,66.1,67.2,67.7,68.5,68.4,69.3,71.5,71.0,72.2,72.6
71,PC,F,Y15-64,DEB2,69.6,68.4,71.7,68.8,69.9,69.8,71.9,72.1,73.5,75.2,75.2,76.1
72,PC,F,Y15-64,DEB3,64.0,64.7,65.5,66.5,67.2,68.3,69.0,68.6,69.3,69.2,69.5,70.3
73,PC,F,Y15-64,DEC0,60.4,60.0,61.3,62.3,62.4,64.0,64.3,66.4,68.5,68.7,69.9,69.4
74,PC,F,Y15-64,DED2,67.5,69.1,70.6,72.1,71.3,72.5,72.8,74.8,75.5,75.9,75.4,77.1
75,PC,F,Y15-64,DED4,66.2,67.0,69.2,70.8,70.6,71.8,73.0,72.5,73.0,74.7,76.1,76.7
76,PC,F,Y15-64,DED5,66.7,66.2,67.3,69.0,70.6,71.1,71.0,71.8,74.0,75.7,75.9,76.0
77,PC,F,Y15-64,DEE0,64.6,67.2,68.8,70.2,69.9,70.5,71.1,71.9,71.5,72.8,72.8,74.0
78,PC,F,Y15-64,DEF0,64.9,65.2,67.1,68.5,69.0,69.3,70.2,70.5,70.6,72.2,72.1,73.3
79,PC,F,Y15-64,DEG0,65.7,68.6,70.6,71.6,71.3,72.5,72.9,72.0,73.6,74.1,74.9,76.1
80,PC,F,Y15-64,DK01,74.8,72.8,72.1,71.1,70.8,71.0,70.4,71.1,73.1,73.3,74.0,74.7
81,PC,F,Y15-64,DK02,70.7,70.2,68.5,68.0,68.1,67.9,67.4,67.9,67.3,69.0,68.6,69.8
82,PC,F,Y15-64,DK03,70.0,68.6,66.8,67.1,66.8,65.1,65.5,67.0,68.2,68.7,69.9,70.7
83,PC,F,Y15-64,DK04,73.0,71.6,69.8,68.6,68.2,68.6,67.6,67.9,69.5,69.6,71.1,71.5
84,PC,F,Y15-64,DK05,71.3,70.1,68.2,66.3,65.6,65.8,67.5,67.2,66.4,68.1,69.0,70.1
85,PC,F,Y15-64,EE00,66.6,63.2,60.8,63.0,64.7,65.7,66.3,68.5,68.6,70.9,71.4,71.9
86,PC,F,Y15-64,EL30,51.9,52.2,50.5,47.4,44.1,42.0,43.1,44.2,45.4,46.2,45.9,49.7
87,PC,F,Y15-64,EL41,37.5,39.0,41.1,40.8,39.7,38.1,36.1,37.0,41.0,46.4,47.8,50.1
88,PC,F,Y15-64,EL42,44.0,46.0,42.7,45.2,42.4,41.3,47.0,47.7,45.4,47.4,49.1,50.3
89,PC,F,Y15-64,EL43,51.1,52.5,52.1,49.6,45.0,43.9,44.7,42.9,45.6,48.5,51.2,53.6
90,PC,F,Y15-64,EL51,47.4,47.5,47.0,42.3,41.4,38.9,41.6,42.6,43.4,43.6,46.8,46.9
91,PC,F,Y15-64,EL52,45.7,45.2,44.5,41.4,38.7,36.3,37.6,41.0,42.9,42.2,43.2,44.7
92,PC,F,Y15-64,EL53,43.2,46.2,44.3,40.4,34.6,33.4,36.0,34.6,34.9,37.1,39.6,39.5
93,PC,F,Y15-64,EL54,46.3,46.5,47.4,43.6,42.1,40.6,41.2,40.4,40.9,41.9,45.5,47.2
94,PC,F,Y15-64,EL61,48.8,49.0,47.9,43.7,40.8,39.0,39.2,40.3,41.1,44.1,45.1,44.9
95,PC,F,Y15-64,EL62,52.7,52.0,49.8,49.7,48.4,44.2,42.6,47.1,50.1,47.4,50.8,49.6
96,PC,F,Y15-64,EL63,42.0,43.4,43.6,40.3,37.1,35.2,36.1,38.5,36.0,37.6,38.7,39.0
97,PC,F,Y15-64,EL64,44.1,42.8,45.5,42.0,35.4,37.1,38.2,39.8,37.7,41.9,41.8,41.0
98,PC,F,Y15-64,EL65,53.2,52.6,52.5,50.0,44.7,44.0,44.3,45.7,45.9,47.9,48.4,50.5
99,PC,F,Y15-64,ES11,56.7,56.3,54.3,54.8,54.1,52.9,53.3,54.4,56.2,57.6,59.5,60.5
100,PC,F,Y15-64,ES12,54.4,52.5,51.5,51.8,49.5,48.8,51.2,53.2,55.5,56.2,56.2,56.5
101,PC,F,Y15-64,ES13,56.5,55.2,52.9,54.2,53.7,51.5,53.4,53.7,57.0,58.7,57.6,58.7
102,PC,F,Y15-64,ES21,59.4,57.8,59.0,60.5,58.1,57.4,58.1,59.2,60.9,60.9,63.6,64.5
103,PC,F,Y15-64,ES22,61.1,58.9,59.8,60.4,58.6,55.8,58.8,58.9,59.4,60.7,63.0,63.6
104,PC,F,Y15-64,ES23,58.2,57.4,55.5,56.7,53.0,55.4,56.5,57.9,59.2,60.1,63.4,65.0
105,PC,F,Y15-64,ES24,61.3,58.8,56.1,56.2,56.2,54.1,54.6,56.0,58.7,60.0,62.3,62.8
106,PC,F,Y15-64,ES30,62.8,61.3,61.0,60.3,60.4,58.7,59.0,61.3,61.8,63.0,63.5,65.2
107,PC,F,Y15-64,ES41,53.1,52.0,52.7,53.2,51.2,51.2,52.1,52.9,55.8,57.0,58.4,59.3
108,PC,F,Y15-64,ES42,49.7,47.2,46.0,47.0,43.7,43.4,43.6,44.9,46.7,48.6,49.8,51.7
109,PC,F,Y15-64,ES43,43.2,42.7,43.0,42.7,39.0,41.1,41.6,41.2,42.4,43.5,44.8,46.6
110,PC,F,Y15-64,ES51,63.0,59.2,59.0,58.9,56.7,56.5,58.8,59.0,61.4,62.8,63.8,65.0
111,PC,F,Y15-64,ES52,55.4,52.1,50.9,50.5,48.6,48.0,49.4,52.2,53.8,55.0,56.2,56.3
112,PC,F,Y15-64,ES53,60.2,58.3,57.8,56.4,56.0,56.8,58.5,61.5,62.9,62.4,64.2,62.5
113,PC,F,Y15-64,ES61,45.0,43.5,43.3,42.2,41.4,40.0,40.5,42.6,43.4,45.2,46.0,47.5
114,PC,F,Y15-64,ES62,53.3,50.8,49.8,48.3,47.9,45.9,46.8,45.4,48.7,50.6,50.9,52.7
115,PC,F,Y15-64,ES63,35.0,37.1,34.2,33.0,31.0,33.4,34.6,34.5,38.1,39.7,40.0,41.6
116,PC,F,Y15-64,ES64,32.0,33.7,34.9,38.7,34.6,37.4,35.5,32.5,32.5,34.2,41.2,40.3
117,PC,F,Y15-64,ES70,48.8,46.4,46.5,47.4,45.3,45.4,45.1,47.0,48.7,50.2,52.9,52.6
118,PC,F,Y15-64,FI19,67.8,66.9,65.6,66.0,66.9,67.0,68.0,66.6,66.6,67.4,69.9,71.3
119,PC,F,Y15-64,FI1B,74.5,73.4,71.9,72.2,72.3,72.0,71.8,72.0,71.4,70.9,73.0,73.5
120,PC,F,Y15-64,FI1C,67.8,66.7,65.7,66.3,68.4,65.9,65.3,65.9,66.1,67.7,70.2,72.4
121,PC,F,Y15-64,FI1D,63.9,62.7,62.7,63.5,63.5,64.5,64.8,64.3,64.5,66.9,68.1,69.1
122,PC,F,Y15-64,FI20,78.6,75.4,75.7,76.7,80.5,79.5,78.9,79.5,80.1,80.4,78.4,79.0
123,PC,F,Y15-64,FR10,64.4,63.0,61.3,62.0,62.6,63.2,63.3,63.6,63.4,63.8,64.7,65.1
124,PC,F,Y15-64,FRB0,61.4,63.9,65.2,61.2,60.8,61.4,61.7,60.4,60.5,62.7,63.5,63.7
125,PC,F,Y15-64,FRC1,61.6,61.5,60.7,60.8,61.5,59.2,60.9,62.0,61.3,61.6,65.4,64.7
126,PC,F,Y15-64,FRC2,58.9,60.6,61.0,62.4,59.9,60.5,61.2,62.0,66.6,64.1,62.8,62.4
127,PC,F,Y15-64,FRD1,63.7,63.5,59.6,58.8,60.9,62.3,62.5,62.6,62.5,61.7,64.7,64.2
128,PC,F,Y15-64,FRD2,55.9,56.3,55.3,58.4,58.4,57.8,56.8,58.0,57.0,59.0,61.5,59.7
129,PC,F,Y15-64,FRE1,51.3,50.8,51.4,52.3,52.9,52.4,53.1,52.4,53.7,54.1,53.7,54.2
130,PC,F,Y15-64,FRE2,60.5,58.5,57.0,58.8,57.1,55.0,56.0,56.1,57.3,60.6,61.0,59.1
131,PC,F,Y15-64,FRF1,62.9,61.3,61.5,60.8,62.4,62.0,59.4,62.6,62.4,60.3,63.3,66.5
132,PC,F,Y15-64,FRF2,59.0,58.1,60.3,56.8,56.5,55.5,57.8,56.3,56.4,57.7,57.4,57.6
133,PC,F,Y15-64,FRF3,56.9,57.7,59.0,57.8,58.0,56.3,56.9,57.9,58.5,60.5,58.9,60.5
134,PC,F,Y15-64,FRG0,61.6,61.5,62.8,60.7,62.9,63.1,64.1,64.9,65.1,66.3,64.2,64.5
135,PC,F,Y15-64,FRH0,62.4,63.3,61.4,62.5,62.5,63.8,64.7,65.5,63.6,63.2,63.7,65.4
136,PC,F,Y15-64,FRI1,60.7,60.6,60.3,60.5,60.5,62.6,62.7,63.8,62.7,63.1,64.4,65.2
137,PC,F,Y15-64,FRI2,64.5,63.1,62.8,63.3,63.4,64.6,64.7,67.2,68.5,68.0,64.5,64.5
138,PC,F,Y15-64,FRI3,62.5,62.0,62.5,61.6,62.6,61.9,61.1,63.1,61.9,60.2,62.3,64.9
139,PC,F,Y15-64,FRJ1,53.9,52.0,52.8,53.7,51.6,52.9,54.8,55.7,56.6,55.6,56.1,56.3
140,PC,F,Y15-64,FRJ2,62.5,61.7,65.6,63.5,62.3,63.7,62.3,62.8,63.1,62.9,64.5,64.8
141,PC,F,Y15-64,FRK1,61.7,62.2,60.0,60.6,60.4,61.3,61.6,61.6,64.3,60.8,64.0,63.6
142,PC,F,Y15-64,FRK2,60.7,60.4,61.2,60.5,61.9,62.3,62.4,62.9,64.4,64.5,65.1,65.6
143,PC,F,Y15-64,FRL0,56.6,56.8,56.1,56.7,57.3,57.4,60.4,58.1,58.1,58.7,60.0,61.3
144,PC,F,Y15-64,FRM0,48.7,46.5,54.9,56.3,53.1,55.6,52.9,49.0,62.9,64.4,55.5,56.8
145,PC,F,Y15-64,FRY1,45.0,44.7,45.4,45.2,45.6,44.6,44.6,44.7,45.5,47.3,46.0,46.0
146,PC,F,Y15-64,FRY2,45.5,46.8,47.0,48.5,48.7,51.7,51.0,53.0,53.4,52.1,54.5,57.1
147,PC,F,Y15-64,FRY3,34.6,38.7,38.2,37.2,39.4,38.6,38.0,38.4,39.0,37.1,37.6,36.8
148,PC,F,Y15-64,FRY4,39.3,38.7,38.7,37.9,38.4,39.8,41.7,43.2,43.9,43.8,42.5,42.1
149,PC,F,Y15-64,FRY5,,,,,,24.2,24.0,27.0,27.3,28.2,25.4,27.3
150,PC,F,Y15-64,HR03,50.7,51.4,51.3,48.4,48.0,47.7,50.8,52.2,51.4,53.9,55.3,55.8
151,PC,F,Y15-64,HR04,53.7,54.8,52.5,50.1,48.7,48.9,49.6,51.3,52.9,54.1,56.2,57.7
152,PC,F,Y15-64,HU10,56.5,55.9,55.1,54.8,57.1,,,,,,,
153,PC,F,Y15-64,HU11,,,,,,59.1,61.6,62.6,67.1,67.5,67.1,67.5
154,PC,F,Y15-64,HU12,,,,,,54.7,58.1,59.9,60.5,61.0,62.4,64.7
155,PC,F,Y15-64,HU21,53.3,51.1,51.3,53.4,53.5,53.7,57.2,61.1,61.0,63.1,63.7,63.9
156,PC,F,Y15-64,HU22,54.1,53.4,53.6,54.2,56.7,55.9,58.4,60.8,62.0,63.1,64.7,65.8
157,PC,F,Y15-64,HU23,46.0,46.4,48.9,46.7,47.2,50.5,53.7,54.9,57.3,57.3,58.6,58.7
158,PC,F,Y15-64,HU31,43.4,43.0,44.7,44.4,45.1,46.7,50.3,52.6,55.0,56.6,59.7,58.2
159,PC,F,Y15-64,HU32,44.1,43.0,43.6,44.8,46.5,47.2,51.5,52.9,56.2,57.6,58.4,59.6
160,PC,F,Y15-64,HU33,47.7,47.1,49.1,48.9,50.4,51.3,54.5,56.2,59.5,60.9,61.9,62.7
161,PC,F,Y15-64,IE01,59.8,56.4,54.5,53.8,,,,,,,,
162,PC,F,Y15-64,IE02,63.0,60.0,58.0,57.2,,,,,,,,
163,PC,F,Y15-64,IE04,,,,,54.9,56.3,57.3,58.6,60.6,62.0,62.9,63.1
164,PC,F,Y15-64,IE05,,,,,55.6,57.0,57.3,58.7,60.7,61.6,61.1,62.1
165,PC,F,Y15-64,IE06,,,,,57.1,57.5,58.7,60.0,61.6,63.0,64.7,65.9
166,PC,F,Y15-64,IS00,79.6,76.5,76.2,76.6,77.8,79.0,80.5,82.3,83.6,83.5,82.5,81.9
167,PC,F,Y15-64,ITC1,57.1,55.7,55.8,57.1,56.9,55.6,55.9,56.9,58.2,58.8,58.9,59.2
168,PC,F,Y15-64,ITC2,59.9,59.0,60.3,60.8,61.5,60.6,60.8,61.4,61.8,62.7,64.1,64.1
169,PC,F,Y15-64,ITC3,54.7,54.7,54.8,55.2,54.1,53.6,54.0,56.2,54.3,54.3,55.4,56.2
170,PC,F,Y15-64,ITC4,57.2,56.2,55.8,55.3,56.3,57.4,57.5,57.2,58.1,59.3,59.6,60.4
171,PC,F,Y15-64,ITF1,46.5,43.3,43.9,45.3,45.0,44.5,43.4,43.0,44.6,45.1,45.6,47.0
172,PC,F,Y15-64,ITF2,41.5,40.5,39.1,39.0,39.1,38.6,38.9,39.5,42.0,42.8,42.0,43.2
173,PC,F,Y15-64,ITF3,27.3,26.3,25.6,25.4,27.5,28.3,27.5,27.4,28.7,29.4,29.4,29.4
174,PC,F,Y15-64,ITF4,30.1,29.3,29.4,30.2,31.1,29.6,29.5,30.5,31.4,31.7,32.8,32.9
175,PC,F,Y15-64,ITF5,35.0,35.6,35.2,34.9,35.7,36.1,35.3,36.5,39.0,37.3,36.9,37.7
176,PC,F,Y15-64,ITF6,30.7,30.1,30.1,31.3,31.1,28.7,28.9,28.6,29.2,30.2,31.0,30.3
177,PC,F,Y15-64,ITG1,29.3,29.3,28.8,28.8,28.6,27.1,27.4,28.1,28.3,29.2,29.1,29.8
178,PC,F,Y15-64,ITG2,40.3,40.2,41.9,42.3,43.0,39.7,40.3,42.5,42.3,42.1,45.0,47.3
179,PC,F,Y15-64,ITH1,61.7,62.1,63.0,63.1,64.8,64.5,64.3,64.3,66.4,65.9,67.9,67.9
180,PC,F,Y15-64,ITH2,57.7,58.0,57.3,57.7,58.1,57.6,58.4,59.8,59.1,62.1,61.7,62.1
181,PC,F,Y15-64,ITH3,55.7,53.9,53.5,54.9,55.0,53.3,54.5,54.0,55.2,57.1,58.2,58.8
182,PC,F,Y15-64,ITH4,55.5,54.3,55.7,56.8,56.2,55.3,55.3,55.0,57.0,58.4,59.5,58.6
183,PC,F,Y15-64,ITH5,62.3,61.5,60.0,60.9,61.4,59.7,59.1,59.7,62.2,62.1,62.7,64.1
184,PC,F,Y15-64,ITI1,56.2,55.5,54.4,54.6,55.3,56.3,56.9,58.5,58.4,59.9,60.5,60.6
185,PC,F,Y15-64,ITI2,56.7,53.3,53.0,53.4,53.3,53.7,53.6,55.3,55.2,55.1,54.9,58.0
186,PC,F,Y15-64,ITI3,56.0,55.4,55.2,54.5,54.8,53.6,55.0,54.1,54.4,54.3,56.4,57.6
187,PC,F,Y15-64,ITI4,49.3,48.8,49.1,49.2,50.0,49.4,51.2,51.0,51.8,52.9,53.1,53.6
188,PC,F,Y15-64,LT00,61.8,60.4,58.5,60.2,61.8,,,,,,,
189,PC,F,Y15-64,LT01,,,,,,68.7,70.8,71.0,74.3,77.1,78.5,79.4
190,PC,F,Y15-64,LT02,,,,,,60.5,62.6,64.6,66.6,67.2,68.6,69.7
191,PC,F,Y15-64,LU00,55.1,57.0,57.2,56.9,59.0,59.1,60.5,60.8,60.4,62.5,63.4,63.6
192,PC,F,Y15-64,LV00,65.2,60.4,59.0,60.2,61.7,63.4,64.3,66.4,67.6,68.4,70.1,70.7
193,PC,F,Y15-64,ME00,,,,40.2,41.9,42.5,45.3,46.9,46.8,46.8,48.4,49.7
194,PC,F,Y15-64,MK00,32.9,33.5,34.0,35.3,35.3,37.3,37.4,38.8,39.2,40.3,41.7,44.7
195,PC,F,Y15-64,MT00,37.7,38.0,39.5,41.5,45.3,48.8,51.6,52.5,55.0,57.6,61.5,62.8
196,PC,F,Y15-64,NL11,63.0,64.4,67.1,65.5,65.8,66.5,65.2,66.0,65.9,65.6,69.0,70.3
197,PC,F,Y15-64,NL12,68.5,68.6,66.1,66.9,69.1,68.0,68.3,69.2,70.8,71.3,72.0,74.8
198,PC,F,Y15-64,NL13,66.5,68.8,66.8,66.8,67.7,68.3,67.5,69.2,68.4,70.1,71.6,72.5
199,PC,F,Y15-64,NL21,70.0,69.4,69.1,69.8,69.8,69.3,69.3,71.0,70.5,72.6,73.1,74.8
200,PC,F,Y15-64,NL22,68.4,69.1,69.1,69.7,69.5,71.1,69.9,69.6,69.7,72.2,73.0,74.0
201,PC,F,Y15-64,NL23,68.8,68.5,67.9,69.3,68.9,66.9,65.3,65.7,68.8,69.7,72.8,73.7
202,PC,F,Y15-64,NL31,71.0,72.1,72.4,72.7,73.8,73.6,71.9,72.3,73.4,74.0,75.0,76.8
203,PC,F,Y15-64,NL32,69.3,70.5,70.0,70.5,71.1,70.5,69.6,71.6,72.7,73.7,74.8,75.3
204,PC,F,Y15-64,NL33,66.6,66.3,66.5,67.5,67.3,66.8,65.7,66.4,67.6,68.5,70.9,72.3
205,PC,F,Y15-64,NL34,65.8,65.5,66.7,67.2,68.9,66.5,69.8,71.4,70.1,69.7,72.9,73.8
206,PC,F,Y15-64,NL41,69.6,69.0,69.4,69.9,70.3,69.5,68.8,70.0,71.5,73.3,74.2,75.7
207,PC,F,Y15-64,NL42,65.3,66.0,63.6,65.1,67.5,65.2,64.0,66.7,67.5,68.3,70.2,71.9
208,PC,F,Y15-64,NO01,78.5,76.2,74.8,75.4,75.0,74.2,75.2,75.3,74.9,74.4,74.1,75.5
209,PC,F,Y15-64,NO02,70.9,73.1,72.2,70.0,72.3,72.0,72.0,71.3,72.7,72.5,71.3,68.9
210,PC,F,Y15-64,NO03,73.7,72.8,71.5,70.8,72.6,71.6,69.9,69.8,69.1,68.4,68.9,71.1
211,PC,F,Y15-64,NO04,75.0,75.0,73.6,73.3,74.2,75.7,75.2,72.7,71.6,71.0,72.0,72.6
212,PC,F,Y15-64,NO05,76.9,75.4,73.5,75.3,75.9,74.6,74.1,73.9,73.8,74.5,75.4,74.6
213,PC,F,Y15-64,NO06,73.9,73.0,73.3,71.5,71.4,74.1,74.5,74.2,73.4,73.3,72.9,72.4
214,PC,F,Y15-64,NO07,73.6,72.8,72.9,74.5,71.6,70.6,71.3,71.7,74.5,72.1,73.0,72.4
215,PC,F,Y15-64,PL21,54.7,53.8,52.9,53.5,52.6,52.4,54.7,55.8,57.9,59.9,60.6,60.3
216,PC,F,Y15-64,PL22,49.9,50.8,49.9,50.0,50.9,51.7,53.2,53.6,57.4,58.7,59.2,59.6
217,PC,F,Y15-64,PL41,51.2,51.3,51.8,51.4,51.8,52.7,54.8,57.2,58.4,60.7,62.4,62.4
218,PC,F,Y15-64,PL42,47.9,48.4,47.9,46.9,49.1,50.5,52.4,53.3,54.0,57.1,58.8,58.1
219,PC,F,Y15-64,PL43,49.1,49.7,50.9,51.5,51.2,51.3,53.3,56.0,57.7,58.3,59.3,59.5
220,PC,F,Y15-64,PL51,49.4,51.5,51.7,52.2,51.7,52.0,54.8,56.4,58.5,59.4,62.0,64.2
221,PC,F,Y15-64,PL52,48.5,50.2,49.9,50.1,50.9,50.9,53.2,55.4,55.5,57.1,60.3,59.1
222,PC,F,Y15-64,PL61,46.5,48.9,49.0,49.1,50.8,50.1,51.4,53.2,54.8,55.5,57.1,57.4
223,PC,F,Y15-64,PL62,48.4,49.1,48.9,46.5,46.8,48.6,49.5,50.3,51.2,52.8,54.5,55.2
224,PC,F,Y15-64,PL63,51.5,50.2,51.5,51.1,52.0,51.9,53.2,56.4,57.8,60.1,60.4,62.1
225,PC,F,Y15-64,PL71,55.6,53.9,54.7,55.7,55.0,55.6,58.5,59.3,61.0,62.7,63.7,62.4
226,PC,F,Y15-64,PL72,54.6,54.3,53.4,51.8,52.7,52.0,53.8,55.7,55.7,57.2,57.2,58.6
227,PC,F,Y15-64,PL81,54.0,53.4,53.9,54.6,55.3,55.1,55.7,56.6,56.5,57.0,58.8,58.7
228,PC,F,Y15-64,PL82,51.5,52.1,52.1,51.0,51.6,50.9,49.9,50.8,54.3,55.9,56.1,55.9
229,PC,F,Y15-64,PL84,55.7,55.6,54.5,55.0,55.5,55.9,56.8,58.7,58.6,59.7,60.7,61.2
230,PC,F,Y15-64,PL91,,,,,,65.5,67.6,69.8,70.5,71.3,75.1,72.9
231,PC,F,Y15-64,PL92,,,,,,53.5,56.1,56.7,57.0,57.0,56.8,59.1
232,PC,F,Y15-64,PT11,59.8,58.0,56.7,57.5,56.0,54.8,56.1,57.5,58.5,62.1,65.0,65.6
233,PC,F,Y15-64,PT15,62.7,62.7,61.1,62.1,60.6,60.9,63.1,64.4,67.9,72.0,71.2,70.9
234,PC,F,Y15-64,PT16,65.9,65.8,66.7,61.4,60.8,62.0,62.2,63.8,64.3,65.5,67.2,68.7
235,PC,F,Y15-64,PT17,65.2,63.7,62.8,62.8,60.8,59.4,62.7,64.3,66.6,67.7,69.5,69.8
236,PC,F,Y15-64,PT18,59.0,60.1,60.3,59.9,57.4,57.6,60.5,60.8,60.8,64.1,66.7,67.3
237,PC,F,Y15-64,PT20,51.9,53.6,52.8,53.6,50.6,51.8,52.1,55.9,57.4,59.1,58.2,59.0
238,PC,F,Y15-64,PT30,60.8,62.2,62.8,59.8,56.7,55.0,56.9,57.9,59.3,60.7,63.7,66.2
239,PC,F,Y15-64,RO11,52.1,50.4,53.5,54.3,56.0,56.1,56.7,55.4,55.8,58.3,58.9,58.7
240,PC,F,Y15-64,RO12,49.3,48.3,45.7,45.9,45.5,46.1,46.5,47.6,49.6,51.9,48.7,50.7
241,PC,F,Y15-64,RO21,57.1,56.6,58.5,59.8,61.1,61.0,62.1,63.6,62.1,63.1,64.4,65.2
242,PC,F,Y15-64,RO22,45.6,45.6,46.2,45.9,45.9,44.6,43.1,46.2,45.8,46.9,48.2,48.6
243,PC,F,Y15-64,RO31,52.3,51.3,51.6,48.1,50.1,51.2,52.2,51.0,50.4,54.4,54.8,54.5
244,PC,F,Y15-64,RO32,56.2,57.2,57.9,58.1,57.6,56.9,57.8,59.9,62.3,64.5,65.3,66.8
245,PC,F,Y15-64,RO41,53.9,53.8,54.1,55.0,55.5,52.6,55.3,49.0,47.9,52.5,54.3,54.5
246,PC,F,Y15-64,RO42,52.7,52.1,50.6,49.4,47.9,48.6,49.2,47.7,47.2,50.4,50.2,50.6
247,PC,F,Y15-64,RS11,,,,,,45.1,48.3,48.5,53.0,56.8,57.9,60.0
248,PC,F,Y15-64,RS12,,,,,,38.5,44.4,44.5,46.6,49.7,51.1,53.1
249,PC,F,Y15-64,RS21,,,,,,38.8,43.3,44.9,48.3,49.5,50.9,53.2
250,PC,F,Y15-64,RS22,,,,,,38.6,38.4,41.6,45.6,46.8,47.5,49.9
251,PC,F,Y15-64,SE11,75.1,74.6,73.5,74.9,75.1,75.6,76.1,76.3,76.9,77.9,79.5,78.8
252,PC,F,Y15-64,SE12,69.3,68.1,66.9,68.0,68.8,69.3,70.0,71.0,72.2,72.7,72.1,72.8
253,PC,F,Y15-64,SE21,74.0,71.0,69.1,71.7,72.3,73.2,74.9,75.9,74.9,76.8,77.2,75.9
254,PC,F,Y15-64,SE22,70.4,69.0,69.4,68.9,68.9,70.1,70.5,72.0,72.8,72.5,72.4,70.8
255,PC,F,Y15-64,SE23,72.2,69.5,70.0,72.1,73.3,73.3,74.1,75.4,75.8,76.1,76.6,77.0
256,PC,F,Y15-64,SE31,69.5,67.2,67.8,69.4,70.5,71.6,70.5,72.1,74.0,74.6,76.1,74.9
257,PC,F,Y15-64,SE32,70.7,70.0,66.7,69.8,71.1,72.6,73.9,72.6,73.9,75.3,74.5,76.7
258,PC,F,Y15-64,SE33,69.7,68.1,67.6,72.5,71.8,72.3,73.6,74.0,77.9,77.2,76.5,73.2
259,PC,F,Y15-64,SI01,62.4,62.3,,,,,,,,,,
260,PC,F,Y15-64,SI02,66.2,65.5,,,,,,,,,,
261,PC,F,Y15-64,SI03,,,61.2,59.3,59.7,56.8,58.0,58.9,60.3,64.2,66.6,67.0
262,PC,F,Y15-64,SI04,,,64.1,62.8,61.5,61.9,62.2,63.4,65.3,67.6,68.6,70.4
263,PC,F,Y15-64,SK01,67.7,66.9,64.0,65.6,66.7,65.5,64.7,66.4,70.3,72.5,72.2,72.3
264,PC,F,Y15-64,SK02,57.8,54.8,54.0,54.3,54.0,54.4,56.6,57.6,61.0,62.9,63.3,64.0
265,PC,F,Y15-64,SK03,51.5,48.8,49.8,50.7,51.8,52.3,52.0,55.6,57.3,58.8,60.3,62.5
266,PC,F,Y15-64,SK04,47.9,47.9,47.6,46.8,46.4,48.1,49.3,50.1,51.2,53.6,55.1,56.2
267,PC,F,Y15-64,TR10,20.7,19.6,21.5,23.3,26.6,28.1,28.8,30.2,32.1,33.8,35.2,33.4
268,PC,F,Y15-64,TR21,31.8,31.3,33.6,32.5,33.6,35.5,36.2,38.7,39.8,39.1,40.4,39.2
269,PC,F,Y15-64,TR22,28.8,31.3,32.1,32.4,33.6,33.3,34.0,34.6,34.7,35.8,36.4,35.3
270,PC,F,Y15-64,TR31,23.3,24.9,28.5,30.1,30.1,33.4,32.2,32.6,35.3,35.1,36.2,35.7
271,PC,F,Y15-64,TR32,30.1,32.7,34.9,38.2,42.3,40.3,40.6,41.2,41.1,41.9,44.2,44.1
272,PC,F,Y15-64,TR33,20.2,24.1,28.5,35.9,39.4,39.0,36.7,37.8,36.3,36.8,37.9,36.5
273,PC,F,Y15-64,TR41,24.6,24.6,24.8,27.1,27.9,30.7,29.3,30.4,30.4,32.3,34.7,32.6
274,PC,F,Y15-64,TR42,22.5,22.8,25.1,30.7,30.7,32.6,32.7,33.5,31.3,32.9,32.5,31.8
275,PC,F,Y15-64,TR51,21.0,21.7,23.2,24.5,25.4,26.0,29.0,29.1,30.2,31.3,31.2,30.9
276,PC,F,Y15-64,TR52,25.9,29.3,28.7,26.8,26.2,28.3,26.5,29.3,28.1,29.0,30.8,30.8
277,PC,F,Y15-64,TR61,35.8,34.4,37.5,39.7,38.9,39.2,38.6,37.1,37.1,36.9,38.2,38.4
278,PC,F,Y15-64,TR62,20.4,23.2,27.7,29.3,26.8,26.7,26.7,28.5,28.9,29.8,30.5,30.9
279,PC,F,Y15-64,TR63,20.2,19.8,26.3,27.3,26.3,23.2,18.0,17.5,23.6,25.2,26.9,24.7
280,PC,F,Y15-64,TR71,14.6,18.8,25.2,24.3,25.6,28.5,28.4,30.7,29.3,28.7,31.2,31.8
281,PC,F,Y15-64,TR72,13.5,15.8,19.9,28.2,30.5,28.5,25.1,26.7,27.7,25.2,23.9,23.9
282,PC,F,Y15-64,TR81,41.2,43.3,37.6,44.2,45.2,41.0,37.9,35.7,34.2,34.9,33.8,35.9
283,PC,F,Y15-64,TR82,37.6,35.2,42.5,47.6,42.7,35.2,42.1,43.7,48.4,47.7,47.7,43.3
284,PC,F,Y15-64,TR83,38.8,40.8,34.2,37.3,32.9,34.3,34.4,35.8,36.8,38.1,42.2,39.8
285,PC,F,Y15-64,TR90,49.8,50.3,47.5,45.7,45.8,39.1,40.3,42.7,44.9,45.8,44.1,45.4
286,PC,F,Y15-64,TRA1,32.8,34.1,35.1,30.4,28.6,31.9,32.8,34.1,33.4,31.8,27.9,26.8
287,PC,F,Y15-64,TRA2,34.5,30.5,29.2,32.2,34.9,39.1,40.1,38.8,34.2,32.7,31.8,29.9
288,PC,F,Y15-64,TRB1,16.6,20.1,24.5,24.4,30.7,37.9,26.7,27.3,29.0,32.5,33.0,33.8
289,PC,F,Y15-64,TRB2,11.7,13.2,15.8,21.4,21.8,20.3,25.1,27.1,22.8,24.4,20.2,21.1
290,PC,F,Y15-64,TRC1,15.6,14.1,17.0,13.3,15.3,19.4,17.9,18.4,17.0,20.1,21.1,22.6
291,PC,F,Y15-64,TRC2,8.1,8.3,9.9,8.1,6.9,12.5,16.6,18.6,20.9,24.0,21.6,20.9
292,PC,F,Y15-64,TRC3,3.6,4.8,10.2,7.7,6.5,9.5,10.1,10.1,10.8,10.2,12.7,13.1
293,PC,F,Y15-64,UKC1,61.0,59.4,62.2,58.6,58.3,59.2,62.4,63.0,64.4,68.1,68.3,66.1
294,PC,F,Y15-64,UKC2,63.6,63.6,61.7,61.4,64.4,63.7,66.7,66.1,67.0,68.8,68.6,68.7
295,PC,F,Y15-64,UKD1,69.2,69.1,67.8,68.4,69.4,71.8,72.2,73.7,73.3,75.9,75.8,77.4
296,PC,F,Y15-64,UKD3,63.2,61.7,60.7,61.0,61.9,62.1,63.4,63.4,67.8,70.2,69.4,68.1
297,PC,F,Y15-64,UKD4,65.1,63.7,66.8,65.7,65.6,62.5,65.8,68.1,69.2,71.3,69.5,70.2
298,PC,F,Y15-64,UKD6,69.7,67.9,68.9,66.8,69.0,67.4,69.0,67.7,69.8,71.0,71.0,72.8
299,PC,F,Y15-64,UKD7,60.0,62.1,60.5,61.0,62.9,64.6,63.3,66.6,68.2,63.5,67.0,70.0
300,PC,F,Y15-64,UKE1,65.5,64.2,65.9,65.1,64.2,65.6,66.2,65.0,66.1,67.6,68.5,69.4
301,PC,F,Y15-64,UKE2,73.0,70.1,69.7,68.5,71.7,71.5,71.5,75.0,77.1,73.6,72.6,74.8
302,PC,F,Y15-64,UKE3,60.3,60.5,63.5,60.4,62.0,63.3,66.7,64.7,65.8,66.8,70.7,67.2
303,PC,F,Y15-64,UKE4,63.5,62.9,62.4,61.8,62.1,63.7,63.9,65.7,66.5,66.8,66.3,65.5
304,PC,F,Y15-64,UKF1,66.8,66.2,63.9,62.6,65.4,65.2,67.1,68.5,70.6,68.9,68.9,72.0
305,PC,F,Y15-64,UKF2,66.8,67.1,65.1,66.8,67.1,66.1,67.7,69.5,69.1,68.3,68.8,73.7
306,PC,F,Y15-64,UKF3,66.3,66.7,66.3,68.1,63.5,67.5,68.8,65.4,68.2,69.8,72.1,66.8
307,PC,F,Y15-64,UKG1,69.9,72.1,68.4,68.9,72.3,71.1,70.6,73.8,70.5,72.5,74.9,74.3
308,PC,F,Y15-64,UKG2,68.0,66.7,66.3,65.7,65.5,67.7,67.2,69.0,72.1,71.6,73.0,75.2
309,PC,F,Y15-64,UKG3,57.4,56.4,57.4,56.2,57.3,56.1,58.6,58.4,58.7,60.8,62.5,63.7
310,PC,F,Y15-64,UKH1,68.9,69.2,66.2,68.9,70.5,69.2,71.3,72.6,72.2,72.9,73.9,74.4
311,PC,F,Y15-64,UKH2,69.1,67.8,67.7,67.5,69.5,69.5,72.3,70.7,71.2,73.2,72.0,72.0
312,PC,F,Y15-64,UKH3,66.3,65.8,65.2,66.7,64.9,66.4,65.7,69.0,69.5,71.4,72.6,74.0
313,PC,F,Y15-64,UKI1,60.8,59.2,,,,,,,,,,
314,PC,F,Y15-64,UKI2,62.3,61.1,,,,,,,,,,
315,PC,F,Y15-64,UKI3,,,58.5,57.6,62.3,62.9,66.0,64.8,68.5,63.7,66.7,67.5
316,PC,F,Y15-64,UKI4,,,58.4,57.7,58.7,61.9,63.1,64.6,63.1,65.1,67.9,69.4
317,PC,F,Y15-64,UKI5,,,56.7,59.1,59.5,58.5,60.6,62.8,64.9,67.1,67.6,68.3
318,PC,F,Y15-64,UKI6,,,65.7,65.7,66.9,70.2,68.8,67.4,69.5,72.0,72.8,71.0
319,PC,F,Y15-64,UKI7,,,64.0,61.6,60.8,61.4,63.3,65.6,64.8,67.5,66.3,65.6
320,PC,F,Y15-64,UKJ1,71.5,71.4,70.0,69.1,71.1,71.8,71.4,72.6,74.1,76.1,74.1,76.4
321,PC,F,Y15-64,UKJ2,70.6,68.6,68.0,69.3,68.3,70.5,70.4,71.5,71.9,73.5,73.0,76.1
322,PC,F,Y15-64,UKJ3,70.3,69.2,69.7,68.8,68.3,69.7,70.9,73.0,72.4,74.1,74.3,74.3
323,PC,F,Y15-64,UKJ4,66.5,66.2,66.6,64.4,65.3,65.9,68.2,66.7,70.0,71.5,71.4,74.1
324,PC,F,Y15-64,UKK1,70.3,71.6,68.9,69.0,69.0,69.3,71.0,73.0,74.0,74.1,76.1,76.4
325,PC,F,Y15-64,UKK2,71.1,68.5,68.5,66.0,70.7,73.7,73.0,72.1,70.2,72.9,74.6,76.0
326,PC,F,Y15-64,UKK3,63.6,64.0,62.2,63.9,63.7,65.4,69.7,72.1,72.6,69.5,70.4,73.0
327,PC,F,Y15-64,UKK4,71.8,69.4,67.8,69.2,67.7,68.6,70.9,70.9,71.5,73.2,73.7,77.4
328,PC,F,Y15-64,UKL1,62.1,60.8,60.5,61.7,62.1,64.5,64.8,66.1,68.1,67.7,68.2,68.5
329,PC,F,Y15-64,UKL2,67.2,66.8,64.9,67.1,63.6,65.8,65.5,68.3,69.7,70.3,73.2,74.0
330,PC,F,Y15-64,UKM2,69.6,66.4,67.0,70.0,66.1,,,,,,,
331,PC,F,Y15-64,UKM3,64.7,65.8,64.1,63.2,64.3,,,,,,,
332,PC,F,Y15-64,UKM5,72.5,70.1,71.4,70.5,70.2,68.1,73.7,74.3,76.4,72.7,70.3,71.7
333,PC,F,Y15-64,UKM6,72.7,69.6,67.9,69.7,64.9,74.1,72.7,71.2,71.2,72.9,73.7,74.4
334,PC,F,Y15-64,UKM7,,,,,,68.4,70.7,71.1,70.1,71.3,72.4,72.6
335,PC,F,Y15-64,UKM8,,,,,,66.8,65.6,70.0,67.9,68.4,68.6,68.6
336,PC,F,Y15-64,UKM9,,,,,,66.8,72.5,69.9,69.2,71.6,68.5,69.4
337,PC,F,Y15-64,UKN0,60.8,59.2,60.7,61.8,62.3,61.9,62.8,62.1,64.6,64.3,66.1,67.3
338,PC,M,Y15-64,AT11,78.2,76.8,77.1,76.1,75.9,74.8,75.0,74.3,73.7,75.8,77.1,76.9
339,PC,M,Y15-64,AT12,78.5,76.7,77.3,77.5,77.2,77.2,77.4,77.0,76.9,78.1,78.5,78.8
340,PC,M,Y15-64,AT13,69.8,68.8,70.0,69.5,69.4,69.2,67.4,67.3,67.3,68.3,70.6,71.1
341,PC,M,Y15-64,AT21,75.8,74.2,74.2,74.4,74.0,74.1,73.1,73.4,74.6,74.8,76.7,77.5
342,PC,M,Y15-64,AT22,77.0,75.0,75.2,76.4,76.4,76.1,75.1,74.9,75.3,75.7,77.2,79.2
343,PC,M,Y15-64,AT31,80.7,79.5,79.6,79.9,79.7,79.3,79.7,79.3,80.0,80.4,81.4,81.4
344,PC,M,Y15-64,AT32,78.6,78.0,79.1,79.6,80.4,80.0,78.2,78.4,78.6,79.9,81.3,81.1
345,PC,M,Y15-64,AT33,78.9,78.5,78.1,78.6,79.8,80.1,78.6,79.1,78.9,79.9,80.5,80.8
346,PC,M,Y15-64,AT34,80.4,78.8,79.1,80.4,80.4,80.0,80.2,80.6,82.0,82.1,82.6,82.5
347,PC,M,Y15-64,BE10,62.9,61.0,61.0,59.2,59.4,56.7,58.8,59.2,60.3,61.9,61.2,62.0
348,PC,M,Y15-64,BE21,71.7,70.1,69.6,69.6,70.1,69.1,68.9,68.6,68.9,71.0,72.2,74.0
349,PC,M,Y15-64,BE22,69.9,69.1,69.8,70.4,68.9,68.9,67.8,67.6,69.6,71.6,70.9,71.1
350,PC,M,Y15-64,BE23,73.8,73.0,72.4,71.2,72.5,73.1,72.5,70.4,72.0,72.5,73.6,74.3
351,PC,M,Y15-64,BE24,72.0,71.2,71.7,72.6,70.9,70.7,70.2,71.0,70.5,71.3,71.7,72.4
352,PC,M,Y15-64,BE25,72.0,70.8,72.3,71.4,70.5,71.3,71.7,71.2,71.6,73.2,75.2,76.3
353,PC,M,Y15-64,BE31,69.3,67.0,66.1,67.1,67.2,66.7,65.8,66.6,67.4,66.6,65.9,67.8
354,PC,M,Y15-64,BE32,60.6,58.3,59.6,59.9,59.5,58.5,56.1,56.5,59.1,59.1,59.3,58.9
355,PC,M,Y15-64,BE33,64.2,63.2,62.8,63.0,62.2,62.3,59.4,59.8,60.5,60.4,62.3,62.5
356,PC,M,Y15-64,BE34,68.6,67.7,68.5,68.3,67.2,68.0,67.6,66.3,66.7,69.1,69.2,68.8
357,PC,M,Y15-64,BE35,66.3,64.1,66.0,63.7,64.8,62.6,63.4,61.5,61.4,63.4,63.8,62.8
358,PC,M,Y15-64,BG31,62.1,60.0,56.8,55.5,55.7,56.0,55.4,57.4,57.9,60.8,61.1,62.9
359,PC,M,Y15-64,BG32,63.4,63.3,59.1,57.7,57.8,58.6,61.0,63.7,64.1,66.8,68.3,73.9
360,PC,M,Y15-64,BG33,69.2,64.7,61.5,60.5,58.6,60.3,64.0,68.6,68.5,70.8,72.1,74.5
361,PC,M,Y15-64,BG34,68.5,67.5,64.5,61.1,61.5,61.5,63.1,65.3,67.2,71.0,71.8,74.1
362,PC,M,Y15-64,BG41,74.5,73.6,69.6,67.2,67.8,67.3,67.7,69.3,70.6,74.6,76.1,78.1
363,PC,M,Y15-64,BG42,66.6,64.6,60.8,58.3,58.4,61.2,64.7,65.2,65.4,71.2,70.9,73.3
364,PC,M,Y15-64,CH01,81.8,80.5,78.0,78.7,77.5,77.7,77.4,77.5,77.4,77.0,78.8,77.5
365,PC,M,Y15-64,CH02,86.3,85.0,84.0,85.7,85.3,84.3,84.7,84.5,84.9,86.5,85.5,86.0
366,PC,M,Y15-64,CH03,86.1,85.3,83.0,83.7,83.8,84.3,82.7,83.5,83.9,84.5,84.2,85.6
367,PC,M,Y15-64,CH04,86.7,86.9,84.7,85.2,86.0,85.1,84.6,85.7,86.3,86.1,86.2,86.2
368,PC,M,Y15-64,CH05,86.6,85.9,85.7,87.0,86.7,85.8,86.8,85.9,85.5,86.6,87.6,86.8
369,PC,M,Y15-64,CH06,87.7,85.5,86.8,86.5,87.2,87.5,87.6,88.1,87.8,87.9,88.3,89.4
370,PC,M,Y15-64,CH07,79.2,77.5,78.5,80.0,78.7,77.5,77.9,78.6,78.2,80.0,77.8,78.2
371,PC,M,Y15-64,CY00,79.2,76.3,75.3,73.7,70.4,67.0,66.0,66.7,68.6,70.0,73.3,76.2
372,PC,M,Y15-64,CZ01,79.1,79.2,80.1,79.9,81.0,81.7,82.3,82.3,83.3,86.0,87.0,86.5
373,PC,M,Y15-64,CZ02,78.0,76.9,76.8,77.0,77.3,77.9,79.2,81.0,80.9,82.6,82.7,83.3
374,PC,M,Y15-64,CZ03,77.2,75.8,74.9,76.1,76.8,77.3,78.7,80.0,80.6,81.8,82.8,83.3
375,PC,M,Y15-64,CZ04,72.9,71.5,70.9,71.5,71.4,73.3,74.2,74.4,76.2,78.0,78.8,79.4
376,PC,M,Y15-64,CZ05,74.6,72.7,73.4,73.2,73.1,74.4,76.9,77.8,79.1,80.8,80.9,81.5
377,PC,M,Y15-64,CZ06,75.2,73.1,72.5,73.4,74.3,76.1,77.2,77.2,79.6,80.2,81.6,81.8
378,PC,M,Y15-64,CZ07,74.2,72.4,70.6,71.3,73.3,73.5,74.9,77.1,78.2,79.4,81.1,81.3
379,PC,M,Y15-64,CZ08,72.3,69.7,69.2,70.1,70.1,70.8,72.3,72.9,76.1,78.0,78.7,77.7
380,PC,M,Y15-64,DE11,80.9,79.3,79.9,81.2,81.2,80.9,81.4,81.6,82.5,82.9,83.8,84.1
381,PC,M,Y15-64,DE12,79.7,77.3,78.4,79.5,79.6,80.1,79.7,79.6,79.7,79.6,81.1,81.7
382,PC,M,Y15-64,DE13,80.5,79.5,80.9,82.0,82.4,82.6,82.3,82.0,81.5,81.6,82.5,83.6
383,PC,M,Y15-64,DE14,81.2,79.6,80.0,81.8,81.9,82.7,82.4,82.2,82.4,83.3,83.2,83.6
384,PC,M,Y15-64,DE21,80.7,80.5,81.3,82.3,82.7,83.6,83.6,83.2,83.8,84.4,84.1,84.9
385,PC,M,Y15-64,DE22,81.8,80.2,81.6,82.8,81.6,82.1,82.6,83.1,83.8,84.0,84.4,84.6
386,PC,M,Y15-64,DE23,82.2,81.2,80.6,81.4,81.6,81.3,82.0,81.6,80.9,81.5,84.3,84.3
387,PC,M,Y15-64,DE24,78.1,77.2,78.4,80.1,81.0,80.3,80.4,80.6,79.8,79.5,81.4,82.1
388,PC,M,Y15-64,DE25,79.3,78.9,78.8,80.5,81.1,80.6,80.5,80.6,79.7,81.5,81.8,81.5
389,PC,M,Y15-64,DE26,81.0,78.4,79.5,80.3,82.0,82.0,82.3,80.9,80.9,81.3,83.7,83.2
390,PC,M,Y15-64,DE27,81.9,80.8,81.9,82.1,82.6,83.5,82.6,82.7,84.0,84.5,84.1,84.5
391,PC,M,Y15-64,DE30,64.7,66.8,68.2,69.5,71.1,71.1,71.1,71.5,74.3,75.8,77.2,78.0
392,PC,M,Y15-64,DE40,73.7,74.0,75.2,75.9,76.2,76.6,76.7,77.3,78.1,77.5,78.1,79.4
393,PC,M,Y15-64,DE50,68.7,66.7,68.4,70.1,72.8,71.0,71.2,70.7,74.7,74.5,74.8,75.7
394,PC,M,Y15-64,DE60,75.0,75.0,75.8,77.5,77.3,76.8,78.4,78.1,78.7,79.9,79.7,79.6
395,PC,M,Y15-64,DE71,77.6,77.3,77.3,79.1,78.9,79.0,77.9,78.6,78.9,79.0,79.3,80.8
396,PC,M,Y15-64,DE72,75.2,75.4,76.2,78.2,78.1,77.3,77.1,77.0,77.6,77.5,78.1,79.1
397,PC,M,Y15-64,DE73,74.4,74.5,76.7,78.4,77.7,77.9,77.8,78.3,79.4,80.7,80.0,80.9
398,PC,M,Y15-64,DE80,70.4,71.1,72.5,73.9,72.9,72.7,72.7,73.3,73.7,74.8,74.5,76.5
399,PC,M,Y15-64,DE91,72.7,73.2,73.8,75.5,74.7,74.3,74.9,75.4,75.9,75.7,77.2,78.4
400,PC,M,Y15-64,DE92,73.6,73.4,73.8,74.8,77.3,77.7,77.6,76.5,75.4,76.2,77.1,78.7
401,PC,M,Y15-64,DE93,76.5,77.4,78.5,79.6,79.6,79.8,79.9,80.1,79.7,80.0,81.5,81.3
402,PC,M,Y15-64,DE94,75.9,76.7,76.7,79.1,78.2,79.3,79.1,78.8,79.0,80.0,80.3,81.2
403,PC,M,Y15-64,DEA1,74.2,73.4,73.8,74.6,75.1,74.8,75.3,74.7,75.0,75.9,76.6,77.4
404,PC,M,Y15-64,DEA2,74.4,74.2,74.6,75.1,75.1,74.5,75.3,75.0,76.3,76.3,76.2,77.3
405,PC,M,Y15-64,DEA3,74.2,73.6,74.4,76.4,76.4,75.8,76.1,76.7,76.5,76.0,78.0,79.2
406,PC,M,Y15-64,DEA4,77.1,75.7,75.3,78.1,78.7,78.3,78.4,77.6,78.1,78.2,79.7,81.2
407,PC,M,Y15-64,DEA5,73.5,72.3,73.2,74.6,75.0,74.4,75.2,74.4,74.5,74.7,76.3,77.3
408,PC,M,Y15-64,DEB1,79.3,77.7,79.7,80.2,79.2,79.8,79.5,79.7,78.8,79.4,81.5,82.4
409,PC,M,Y15-64,DEB2,79.5,79.4,79.4,80.7,81.3,81.7,83.5,81.1,80.3,80.4,82.0,83.1
410,PC,M,Y15-64,DEB3,77.2,76.0,76.1,76.9,78.2,78.2,77.6,77.7,77.5,78.0,78.3,79.4
411,PC,M,Y15-64,DEC0,74.1,72.9,73.4,74.5,75.6,75.9,76.0,74.9,75.2,76.3,77.0,77.7
412,PC,M,Y15-64,DED2,72.5,73.0,75.0,76.9,77.6,76.7,76.5,76.7,79.0,80.0,80.5,81.7
413,PC,M,Y15-64,DED4,73.2,73.3,74.3,76.2,77.0,78.4,79.3,79.0,80.3,80.6,80.9,81.0
414,PC,M,Y15-64,DED5,69.7,72.5,74.7,75.4,74.1,75.4,75.9,75.4,75.8,76.8,78.7,78.7
415,PC,M,Y15-64,DEE0,70.6,71.0,73.7,75.5,74.9,76.0,74.6,75.2,75.8,74.9,77.0,77.4
416,PC,M,Y15-64,DEF0,76.5,76.0,75.6,77.0,78.1,78.1,78.1,78.9,77.6,78.1,79.2,81.4
417,PC,M,Y15-64,DEG0,74.4,73.6,76.5,77.9,77.9,78.3,78.0,76.3,77.8,78.9,79.2,79.0
418,PC,M,Y15-64,DK01,80.3,77.1,74.6,74.5,74.3,74.4,75.2,76.6,77.2,77.1,77.7,79.0
419,PC,M,Y15-64,DK02,79.4,74.9,74.4,74.7,72.5,71.3,74.2,73.8,74.6,75.2,75.7,77.5
420,PC,M,Y15-64,DK03,79.4,74.4,72.4,74.3,73.4,72.7,72.4,74.3,73.1,74.5,76.4,77.0
421,PC,M,Y15-64,DK04,81.7,77.2,75.3,75.2,73.7,73.2,74.5,75.7,76.0,76.4,77.9,78.9
422,PC,M,Y15-64,DK05,79.7,76.5,73.1,72.7,72.9,73.1,73.4,73.5,75.2,75.4,75.3,75.4
423,PC,M,Y15-64,EE00,73.7,64.3,61.7,67.8,69.7,71.4,73.0,75.3,75.7,77.4,78.1,78.7
424,PC,M,Y15-64,EL30,74.0,72.2,69.3,64.8,58.7,56.7,57.2,58.2,60.4,61.6,64.0,66.0
425,PC,M,Y15-64,EL41,75.7,74.3,73.7,65.4,63.6,63.4,61.8,64.8,66.9,66.0,64.7,70.0
426,PC,M,Y15-64,EL42,77.4,75.6,74.5,69.1,69.7,65.8,62.1,68.1,70.0,68.7,69.6,70.7
427,PC,M,Y15-64,EL43,76.9,74.5,71.3,68.1,62.5,60.3,60.3,60.5,61.8,65.3,69.1,70.0
428,PC,M,Y15-64,EL51,73.4,72.0,68.9,62.6,58.6,56.2,57.8,58.7,60.3,63.3,64.6,66.0
429,PC,M,Y15-64,EL52,73.4,71.6,69.0,63.2,57.5,54.7,55.5,58.3,59.5,61.5,63.8,63.0
430,PC,M,Y15-64,EL53,69.7,69.0,65.8,59.6,55.0,52.9,56.8,56.6,57.5,58.7,59.5,61.6
431,PC,M,Y15-64,EL54,73.3,72.8,70.5,65.3,60.7,55.7,55.4,57.7,59.4,58.0,60.1,62.9
432,PC,M,Y15-64,EL61,73.8,74.1,71.9,67.3,63.0,60.3,59.0,58.3,59.2,63.5,63.7,64.7
433,PC,M,Y15-64,EL62,78.2,78.9,73.7,71.3,72.0,70.5,66.6,64.8,65.6,63.5,69.1,70.3
434,PC,M,Y15-64,EL63,71.5,71.1,70.4,65.3,58.2,56.8,55.8,56.7,57.7,60.6,61.0,60.0
435,PC,M,Y15-64,EL64,76.3,74.3,71.9,67.3,59.8,58.6,59.1,61.5,63.1,64.5,66.7,69.6
436,PC,M,Y15-64,EL65,80.6,80.7,76.9,71.3,68.0,66.0,64.9,64.9,67.2,71.3,73.3,73.8
437,PC,M,Y15-64,ES11,72.6,68.1,65.5,64.3,61.2,59.3,59.3,61.5,63.3,64.2,65.7,67.1
438,PC,M,Y15-64,ES12,69.7,64.2,62.1,59.5,57.6,55.9,57.7,56.8,59.1,62.4,62.6,62.3
439,PC,M,Y15-64,ES13,74.7,68.6,67.2,65.1,62.9,61.1,61.7,64.1,65.8,66.4,69.3,69.7
440,PC,M,Y15-64,ES21,76.2,70.5,71.6,70.3,66.9,65.8,65.6,66.7,69.4,70.0,69.9,70.2
441,PC,M,Y15-64,ES22,77.8,73.8,71.6,70.3,66.3,66.3,67.4,68.4,69.3,73.1,71.2,72.4
442,PC,M,Y15-64,ES23,78.3,72.4,71.2,67.7,66.1,64.3,68.4,70.3,71.6,72.6,72.4,72.4
443,PC,M,Y15-64,ES24,77.8,71.3,69.5,67.7,67.7,64.4,66.0,69.7,71.2,73.4,73.3,74.5
444,PC,M,Y15-64,ES30,77.6,72.2,70.6,69.8,66.6,66.4,67.3,69.5,69.7,71.0,72.3,73.0
445,PC,M,Y15-64,ES41,74.6,69.7,68.2,67.0,65.4,62.3,63.7,66.0,67.8,69.2,70.9,71.4
446,PC,M,Y15-64,ES42,74.2,67.8,65.9,64.1,59.5,58.6,59.5,61.5,63.9,66.9,69.0,69.5
447,PC,M,Y15-64,ES43,69.1,63.2,61.5,58.9,53.4,51.8,55.8,57.3,58.6,58.9,62.2,64.5
448,PC,M,Y15-64,ES51,77.4,69.1,68.2,67.0,63.4,63.0,65.0,67.3,69.5,70.9,72.0,72.3
449,PC,M,Y15-64,ES52,73.6,64.5,62.1,60.7,58.3,58.2,59.8,62.0,64.6,66.9,68.6,70.2
450,PC,M,Y15-64,ES53,75.3,67.8,66.1,63.7,64.7,65.0,65.0,67.5,71.0,71.9,71.8,72.6
451,PC,M,Y15-64,ES61,66.7,59.5,57.3,55.6,51.6,50.4,52.2,54.9,56.5,58.9,61.2,62.1
452,PC,M,Y15-64,ES62,72.1,63.5,62.6,60.5,57.7,57.3,60.4,61.9,65.1,66.8,67.7,68.7
453,PC,M,Y15-64,ES63,67.2,64.7,58.8,57.7,53.7,55.6,53.3,57.1,58.4,60.5,58.3,57.6
454,PC,M,Y15-64,ES64,67.3,58.7,60.4,60.1,55.5,50.0,55.9,52.2,58.3,60.1,59.4,59.3
455,PC,M,Y15-64,ES70,66.1,58.9,55.7,55.9,53.7,51.4,52.8,56.8,58.5,59.8,61.9,61.7
456,PC,M,Y15-64,FI19,72.6,68.7,68.7,70.2,70.1,69.1,68.9,69.1,69.9,70.8,73.4,74.3
457,PC,M,Y15-64,FI1B,78.5,75.3,75.2,76.5,75.9,74.9,74.3,73.3,75.0,75.7,76.4,77.2
458,PC,M,Y15-64,FI1C,73.5,69.3,67.6,68.5,69.2,68.1,67.5,67.4,68.4,69.3,72.6,72.3
459,PC,M,Y15-64,FI1D,66.8,63.3,64.3,65.6,65.4,66.0,65.5,65.7,66.8,67.6,70.0,70.8
460,PC,M,Y15-64,FI20,86.4,80.4,80.3,80.3,81.0,77.9,84.7,84.1,83.5,85.4,85.2,84.2
461,PC,M,Y15-64,FR10,71.0,70.5,69.8,69.6,70.4,70.0,69.2,69.0,69.9,70.9,71.1,71.1
462,PC,M,Y15-64,FRB0,72.8,69.3,69.1,68.4,67.7,66.2,65.9,65.6,67.7,68.7,68.8,69.8
463,PC,M,Y15-64,FRC1,69.2,69.7,67.2,68.0,66.7,67.7,65.8,66.6,66.1,67.8,70.0,71.2
464,PC,M,Y15-64,FRC2,73.1,67.6,69.1,69.0,70.5,67.8,65.7,68.7,69.5,71.8,73.3,70.7
465,PC,M,Y15-64,FRD1,72.5,72.1,66.4,65.7,69.6,66.6,67.2,67.5,66.9,68.7,71.1,68.1
466,PC,M,Y15-64,FRD2,70.1,68.4,67.0,68.8,65.5,64.6,66.5,68.4,67.9,65.9,64.3,66.5
467,PC,M,Y15-64,FRE1,63.9,61.4,62.9,63.3,63.3,62.6,61.9,61.7,61.6,61.7,61.8,62.7
468,PC,M,Y15-64,FRE2,70.5,65.8,65.0,68.7,65.6,64.0,64.9,67.6,64.9,68.2,65.1,65.6
469,PC,M,Y15-64,FRF1,74.0,71.9,73.4,73.4,69.5,70.0,70.6,72.0,69.4,69.0,72.6,72.1
470,PC,M,Y15-64,FRF2,68.9,68.2,66.1,64.7,66.9,66.1,65.0,62.7,63.4,66.9,68.7,65.8
471,PC,M,Y15-64,FRF3,69.7,65.6,69.4,68.0,64.6,64.1,66.3,64.3,64.6,65.4,67.2,68.5
472,PC,M,Y15-64,FRG0,69.2,70.7,70.8,70.1,71.5,70.2,70.8,70.4,70.2,70.8,70.4,70.5
473,PC,M,Y15-64,FRH0,69.3,69.3,67.5,66.5,68.1,70.3,69.4,69.6,68.9,69.5,69.8,69.3
474,PC,M,Y15-64,FRI1,70.3,69.2,70.9,67.0,67.2,66.7,66.6,68.2,67.3,67.2,68.6,69.2
475,PC,M,Y15-64,FRI2,71.0,71.2,68.3,68.4,69.7,70.2,68.7,67.7,71.8,71.6,70.5,69.1
476,PC,M,Y15-64,FRI3,70.5,68.8,67.8,68.1,69.4,69.8,67.4,67.4,68.4,69.7,70.1,71.0
477,PC,M,Y15-64,FRJ1,63.1,60.9,59.4,62.0,58.8,60.9,62.6,61.5,61.8,64.4,63.6,63.5
478,PC,M,Y15-64,FRJ2,72.4,70.6,70.5,70.7,70.6,71.1,69.9,67.7,68.5,70.0,71.9,71.4
479,PC,M,Y15-64,FRK1,70.6,69.8,69.4,68.5,67.5,67.6,67.5,68.3,70.3,67.6,72.1,71.3
480,PC,M,Y15-64,FRK2,70.3,68.9,70.3,70.4,70.7,70.8,69.9,70.3,71.3,72.7,73.3,72.7
481,PC,M,Y15-64,FRL0,66.7,66.9,67.3,67.1,67.4,66.8,66.6,66.0,67.5,67.1,67.3,65.8
482,PC,M,Y15-64,FRM0,65.3,69.3,68.6,73.4,67.2,61.4,64.1,61.4,65.3,72.3,75.7,79.0
483,PC,M,Y15-64,FRY1,55.0,51.6,51.8,53.8,52.5,53.2,52.4,53.0,52.0,54.0,51.8,54.2
484,PC,M,Y15-64,FRY2,51.5,52.1,53.0,55.1,54.6,52.0,54.6,54.6,56.4,57.0,55.6,58.0
485,PC,M,Y15-64,FRY3,53.6,55.0,53.1,53.2,52.3,53.6,56.1,53.1,50.0,50.7,51.8,50.5
486,PC,M,Y15-64,FRY4,52.8,51.4,49.8,49.2,49.8,49.6,50.9,53.6,54.2,52.8,50.9,50.7
487,PC,M,Y15-64,FRY5,,,,,,45.2,45.8,45.5,44.4,44.1,42.6,44.5
488,PC,M,Y15-64,HR03,65.4,63.5,61.4,59.0,57.4,55.2,58.1,58.1,59.5,63.5,61.7,65.0
489,PC,M,Y15-64,HR04,68.2,66.1,63.3,61.8,59.0,57.2,59.6,61.4,62.3,64.0,67.2,68.0
490,PC,M,Y15-64,HU10,69.4,67.2,65.2,66.1,66.8,,,,,,,
491,PC,M,Y15-64,HU11,,,,,,69.9,74.1,76.6,78.8,81.1,79.5,81.0
492,PC,M,Y15-64,HU12,,,,,,66.6,69.9,71.0,75.9,77.4,78.9,79.3
493,PC,M,Y15-64,HU21,66.7,63.5,62.9,64.7,64.9,67.7,71.4,74.8,75.7,77.8,78.0,79.5
494,PC,M,Y15-64,HU22,69.3,65.2,63.6,65.7,65.3,67.7,73.4,74.2,75.8,78.9,81.3,81.7
495,PC,M,Y15-64,HU23,55.8,57.2,56.0,55.6,56.7,59.2,63.6,65.5,67.1,68.7,70.5,72.1
496,PC,M,Y15-64,HU31,55.6,53.5,52.0,52.6,53.2,56.6,61.1,65.5,68.6,70.4,71.4,73.9
497,PC,M,Y15-64,HU32,55.1,53.2,54.5,55.2,57.2,59.3,63.2,65.0,67.9,71.1,73.3,73.2
498,PC,M,Y15-64,HU33,60.5,59.0,59.2,59.4,60.8,61.5,65.0,68.2,71.9,73.9,75.8,76.4
499,PC,M,Y15-64,IE01,75.7,65.7,62.5,60.9,,,,,,,,
500,PC,M,Y15-64,IE02,77.5,69.1,65.8,64.9,,,,,,,,
501,PC,M,Y15-64,IE04,,,,,61.3,66.2,67.3,69.4,70.4,72.0,71.9,73.9
502,PC,M,Y15-64,IE05,,,,,63.6,66.0,67.2,69.6,71.8,72.8,72.6,72.8
503,PC,M,Y15-64,IE06,,,,,64.6,66.8,69.6,71.0,72.4,73.6,75.9,76.7
504,PC,M,Y15-64,IS00,87.3,80.0,80.1,80.3,81.5,83.2,85.4,87.1,89.4,88.6,87.5,86.2
505,PC,M,Y15-64,ITC1,73.3,72.1,71.2,71.3,70.5,68.9,68.9,70.5,70.7,71.6,72.9,72.8
506,PC,M,Y15-64,ITC2,75.6,74.4,74.3,72.9,71.2,70.6,71.5,70.9,71.1,71.5,71.6,72.7
507,PC,M,Y15-64,ITC3,72.8,72.0,70.9,71.0,70.1,67.8,67.6,68.7,71.3,70.6,70.6,70.4
508,PC,M,Y15-64,ITC4,76.5,75.1,74.0,73.8,72.8,72.1,72.1,73.0,74.3,75.1,75.7,76.2
509,PC,M,Y15-64,ITF1,71.2,68.2,67.0,68.1,68.4,65.5,64.6,66.1,67.0,68.6,70.4,69.5
510,PC,M,Y15-64,ITF2,66.7,63.8,62.9,61.5,62.1,56.5,57.9,59.1,61.6,60.4,64.7,65.7
511,PC,M,Y15-64,ITF3,57.9,55.7,54.4,53.7,52.7,51.5,51.2,52.0,53.9,55.0,54.1,53.8
512,PC,M,Y15-64,ITF4,63.5,61.0,59.6,59.6,59.1,55.4,55.1,56.4,57.5,57.5,58.5,60.0
513,PC,M,Y15-64,ITF5,64.2,61.2,58.9,60.4,57.9,56.3,59.0,61.8,61.6,61.6,61.7,63.7
514,PC,M,Y15-64,ITF6,57.5,56.2,54.4,53.8,52.0,49.4,49.9,49.4,50.2,51.6,53.4,53.8
515,PC,M,Y15-64,ITG1,59.5,58.4,57.0,56.4,54.3,51.9,51.0,52.1,52.1,52.3,52.5,52.6
516,PC,M,Y15-64,ITG2,64.3,61.4,60.0,61.1,60.4,56.9,56.7,57.8,58.2,58.7,60.4,60.2
517,PC,M,Y15-64,ITH1,79.0,78.6,79.0,78.8,78.8,78.3,77.3,78.4,78.9,79.8,79.1,80.1
518,PC,M,Y15-64,ITH2,75.5,74.9,74.4,74.1,72.6,73.3,73.4,72.3,73.0,73.0,74.6,74.9
519,PC,M,Y15-64,ITH3,77.0,75.0,75.1,74.8,74.8,72.7,72.9,73.2,74.3,74.9,75.0,76.1
520,PC,M,Y15-64,ITH4,74.7,72.5,71.5,71.6,71.1,70.6,70.9,72.2,72.3,73.0,73.0,74.5
521,PC,M,Y15-64,ITH5,78.0,75.3,74.7,74.8,73.7,72.9,73.5,73.8,74.7,75.2,76.6,76.7
522,PC,M,Y15-64,ITI1,74.5,74.1,73.2,72.8,72.4,71.3,70.9,71.2,72.4,72.3,72.7,73.4
523,PC,M,Y15-64,ITI2,74.1,72.6,72.5,71.4,69.9,68.4,68.7,71.1,70.5,71.0,71.5,71.5
524,PC,M,Y15-64,ITI3,73.4,71.9,72.3,70.4,70.5,68.6,69.9,70.3,70.1,70.2,73.0,72.4
525,PC,M,Y15-64,ITI4,71.7,70.7,69.6,68.9,68.0,66.3,66.5,67.2,68.2,69.1,68.9,69.1
526,PC,M,Y15-64,LT00,67.2,59.3,56.5,60.1,62.2,,,,,,,
527,PC,M,Y15-64,LT01,,,,,,67.4,69.6,70.8,75.3,75.4,78.5,79.2
528,PC,M,Y15-64,LT02,,,,,,63.7,65.4,67.0,67.9,68.7,71.2,71.0
529,PC,M,Y15-64,LU00,71.5,73.2,73.1,72.1,72.5,72.1,72.6,71.3,70.5,69.9,70.6,72.1
530,PC,M,Y15-64,LV00,71.5,60.3,57.9,61.5,64.4,66.8,68.4,69.9,70.0,71.9,73.6,73.9
531,PC,M,Y15-64,ME00,,,,51.4,52.1,51.7,55.5,56.0,57.3,59.4,61.0,62.3
532,PC,M,Y15-64,MK00,50.7,52.8,52.8,52.3,52.4,54.5,56.1,56.6,58.6,60.5,61.4,64.4
533,PC,M,Y15-64,MT00,72.9,71.9,72.5,73.8,74.0,75.1,75.7,77.0,78.9,80.1,81.5,82.4
534,PC,M,Y15-64,NL11,75.8,73.4,73.8,75.4,75.4,72.6,70.7,72.8,73.0,72.9,74.1,74.3
535,PC,M,Y15-64,NL12,79.8,80.9,79.4,78.9,77.4,77.6,77.2,78.0,78.3,79.2,81.6,81.9
536,PC,M,Y15-64,NL13,80.0,78.9,77.4,76.8,78.7,77.3,77.8,77.9,78.7,81.7,82.0,82.4
537,PC,M,Y15-64,NL21,83.0,82.6,80.8,80.8,79.6,78.4,78.3,78.8,79.1,79.8,82.5,83.0
538,PC,M,Y15-64,NL22,82.5,82.0,80.4,80.1,80.3,79.4,78.4,79.5,80.0,80.9,81.9,82.0
539,PC,M,Y15-64,NL23,84.1,83.3,80.1,79.1,78.6,78.4,74.7,78.5,78.5,79.4,82.8,84.2
540,PC,M,Y15-64,NL31,84.1,83.0,81.7,81.7,81.8,79.9,80.0,81.0,82.3,82.4,84.1,84.7
541,PC,M,Y15-64,NL32,82.2,80.4,79.7,79.6,79.6,78.8,80.0,80.1,81.5,81.3,81.3,82.3
542,PC,M,Y15-64,NL33,80.9,80.1,78.8,78.3,78.2,77.2,77.2,77.8,77.6,79.0,80.3,81.4
543,PC,M,Y15-64,NL34,81.2,84.1,81.3,80.4,81.7,81.7,80.1,82.0,84.8,83.3,84.2,84.5
544,PC,M,Y15-64,NL41,83.6,82.1,80.9,80.6,80.9,79.3,79.6,80.9,81.5,82.4,83.6,84.5
545,PC,M,Y15-64,NL42,77.2,76.6,76.3,76.7,76.5,74.9,75.7,76.7,77.2,78.9,79.7,79.6
546,PC,M,Y15-64,NO01,81.0,79.2,78.8,79.3,79.4,78.5,78.6,77.6,77.6,77.1,78.7,79.7
547,PC,M,Y15-64,NO02,78.5,76.3,74.1,74.7,73.7,74.2,75.6,76.2,74.6,76.4,75.8,76.7
548,PC,M,Y15-64,NO03,78.9,75.9,76.3,75.7,75.5,74.5,74.1,74.6,73.2,73.8,75.4,74.9
549,PC,M,Y15-64,NO04,81.8,78.9,77.7,78.5,79.1,79.6,78.4,76.0,75.5,74.1,75.4,76.4
550,PC,M,Y15-64,NO05,82.6,81.9,79.9,78.3,78.5,77.8,78.4,78.4,76.2,75.1,76.5,77.3
551,PC,M,Y15-64,NO06,80.8,79.0,76.2,76.1,78.1,78.7,75.9,76.6,78.0,78.1,78.0,77.9
552,PC,M,Y15-64,NO07,77.3,74.7,73.2,72.8,76.2,76.0,76.1,75.2,73.3,75.2,77.8,78.1
553,PC,M,Y15-64,PL21,67.8,66.7,66.0,65.7,65.6,66.6,67.1,68.7,71.3,71.9,73.3,75.4
554,PC,M,Y15-64,PL22,62.9,64.5,64.0,65.1,64.4,64.4,65.8,66.4,68.0,69.8,70.8,72.3
555,PC,M,Y15-64,PL41,69.6,69.8,69.3,69.5,70.4,71.8,72.5,73.7,74.8,77.7,77.9,79.0
556,PC,M,Y15-64,PL42,60.6,61.7,59.0,61.1,62.9,63.8,65.2,66.8,67.0,69.1,73.0,73.6
557,PC,M,Y15-64,PL43,64.9,62.8,62.8,63.2,63.2,65.0,65.9,67.7,70.2,72.1,72.7,74.8
558,PC,M,Y15-64,PL51,64.5,64.6,63.1,62.5,63.7,64.5,67.9,70.3,72.7,73.2,74.1,76.0
559,PC,M,Y15-64,PL52,66.5,65.8,66.6,67.8,68.9,68.8,69.5,70.7,73.6,76.5,76.9,77.4
560,PC,M,Y15-64,PL61,64.9,64.9,64.3,64.5,65.6,66.4,68.1,68.6,69.5,71.5,73.7,74.8
561,PC,M,Y15-64,PL62,63.3,63.2,62.3,62.6,60.3,60.2,61.7,63.5,66.0,68.7,69.1,71.4
562,PC,M,Y15-64,PL63,66.4,66.4,66.2,66.7,66.7,66.7,68.2,71.2,73.4,75.4,76.8,79.5
563,PC,M,Y15-64,PL71,67.0,67.4,67.3,68.0,67.2,67.8,70.5,70.2,72.2,75.0,76.4,76.0
564,PC,M,Y15-64,PL72,67.0,64.3,63.8,64.5,65.0,63.9,64.3,66.2,68.4,69.6,69.6,72.1
565,PC,M,Y15-64,PL81,64.0,63.7,64.1,64.6,65.0,66.1,66.2,65.9,68.2,69.6,71.0,71.3
566,PC,M,Y15-64,PL82,64.0,63.9,62.6,62.5,62.1,62.3,62.5,64.0,67.9,69.6,69.9,71.4
567,PC,M,Y15-64,PL84,67.8,68.0,63.1,65.6,67.5,66.8,67.8,69.3,71.3,72.2,75.0,75.2
568,PC,M,Y15-64,PL91,,,,,,74.9,78.2,78.4,78.7,80.2,82.4,82.0
569,PC,M,Y15-64,PL92,,,,,,67.3,69.7,69.4,69.4,71.6,72.0,74.1
570,PC,M,Y15-64,PT11,72.8,70.0,69.5,68.6,65.0,62.9,65.2,65.6,67.7,70.5,71.8,72.7
571,PC,M,Y15-64,PT15,75.9,73.2,69.5,66.4,63.5,63.0,67.1,66.8,68.9,71.3,73.2,74.1
572,PC,M,Y15-64,PT16,78.0,73.7,72.9,70.2,68.0,67.8,68.7,70.3,70.9,73.0,74.8,75.1
573,PC,M,Y15-64,PT17,71.5,69.1,67.1,65.0,61.6,61.6,65.1,67.2,67.8,71.1,73.2,74.1
574,PC,M,Y15-64,PT18,72.4,70.6,70.4,68.4,64.7,64.1,65.4,66.0,68.1,71.6,71.9,73.1
575,PC,M,Y15-64,PT20,77.2,75.3,73.5,67.5,63.5,59.5,61.9,63.4,64.6,67.1,70.2,72.1
576,PC,M,Y15-64,PT30,72.6,69.0,68.7,63.7,59.0,58.4,59.8,60.3,62.2,66.1,67.1,69.8
577,PC,M,Y15-64,RO11,60.7,60.0,66.2,65.9,68.7,69.6,70.8,71.3,72.1,74.2,75.0,75.1
578,PC,M,Y15-64,RO12,63.9,61.9,62.4,59.8,61.7,62.3,62.8,65.6,67.1,69.5,69.1,69.5
579,PC,M,Y15-64,RO21,63.7,64.5,70.5,69.8,70.2,70.7,71.2,75.9,75.5,76.4,78.6,80.5
580,PC,M,Y15-64,RO22,65.0,65.1,67.8,64.4,65.8,65.1,65.5,68.4,66.8,67.9,69.6,71.8
581,PC,M,Y15-64,RO31,69.8,68.9,70.3,64.4,65.9,67.4,68.4,68.0,69.0,70.9,72.8,74.7
582,PC,M,Y15-64,RO32,71.0,71.0,70.8,71.3,70.6,68.9,71.7,73.0,73.7,76.1,77.8,78.3
583,PC,M,Y15-64,RO41,66.1,65.8,67.4,68.1,68.9,67.4,68.6,63.0,63.1,69.1,70.3,73.1
584,PC,M,Y15-64,RO42,66.0,65.2,66.1,66.9,69.1,68.6,69.6,67.6,67.1,67.4,69.1,70.3
585,PC,M,Y15-64,RS11,,,,,,57.1,58.0,58.2,61.2,64.1,68.3,70.1
586,PC,M,Y15-64,RS12,,,,,,52.9,56.7,59.1,62.2,64.6,67.1,68.1
587,PC,M,Y15-64,RS21,,,,,,55.8,60.8,61.3,63.2,64.9,65.2,66.4
588,PC,M,Y15-64,RS22,,,,,,54.9,55.5,57.9,60.7,61.3,61.5,63.6
589,PC,M,Y15-64,SE11,78.8,77.4,77.6,78.3,78.2,79.5,79.0,79.5,80.2,80.6,80.7,80.2
590,PC,M,Y15-64,SE12,75.5,73.2,73.1,74.6,74.3,74.6,75.8,76.0,76.5,76.4,77.5,77.6
591,PC,M,Y15-64,SE21,80.6,75.4,75.5,77.3,77.2,77.1,77.0,77.9,78.5,79.7,79.7,81.6
592,PC,M,Y15-64,SE22,75.7,73.1,73.7,74.1,73.8,74.2,73.8,74.9,74.8,75.3,75.1,75.2
593,PC,M,Y15-64,SE23,76.7,73.8,74.6,76.1,75.9,76.3,77.6,78.2,78.2,79.7,80.7,81.3
594,PC,M,Y15-64,SE31,74.7,72.0,73.3,74.6,74.9,74.8,73.9,73.5,74.6,76.2,77.3,75.8
595,PC,M,Y15-64,SE32,74.1,71.1,73.0,75.0,74.4,76.5,77.5,77.3,78.0,78.9,79.4,75.7
596,PC,M,Y15-64,SE33,74.3,72.0,70.7,72.2,72.4,74.6,74.9,74.9,76.6,76.8,77.3,78.4
597,PC,M,Y15-64,SI01,71.5,70.2,,,,,,,,,,
598,PC,M,Y15-64,SI02,74.1,71.9,,,,,,,,,,
599,PC,M,Y15-64,SI03,,,68.5,66.3,65.8,65.5,66.6,68.0,68.1,72.5,72.7,73.5
600,PC,M,Y15-64,SI04,,,71.0,69.4,69.4,69.0,68.7,70.5,69.8,72.6,76.6,76.3
601,PC,M,Y15-64,SK01,76.8,75.7,73.1,75.3,76.8,76.2,77.5,76.9,79.7,78.1,80.3,82.1
602,PC,M,Y15-64,SK02,73.2,69.7,68.2,69.3,69.6,69.1,69.7,71.6,73.5,74.7,75.4,76.0
603,PC,M,Y15-64,SK03,67.4,65.0,62.8,64.4,64.3,63.9,65.5,68.4,70.2,71.3,73.2,73.6
604,PC,M,Y15-64,SK04,65.6,64.0,60.6,60.4,61.5,61.7,63.5,65.0,66.7,67.2,70.2,70.3
605,PC,M,Y15-64,TR10,66.8,63.0,65.9,68.9,69.9,70.3,70.1,71.0,72.0,72.5,72.9,71.3
606,PC,M,Y15-64,TR21,71.0,70.4,72.7,75.9,76.1,76.4,76.9,77.7,78.5,79.0,80.9,76.4
607,PC,M,Y15-64,TR22,69.1,69.4,68.4,70.4,69.3,67.7,70.2,69.6,71.7,72.9,72.1,70.1
608,PC,M,Y15-64,TR31,64.1,61.3,65.6,70.5,69.3,70.5,70.2,69.3,71.5,71.3,72.1,70.2
609,PC,M,Y15-64,TR32,69.4,69.3,70.3,71.6,73.0,74.3,71.7,71.6,71.0,73.2,74.5,71.9
610,PC,M,Y15-64,TR33,67.5,66.8,70.7,74.8,76.1,74.6,76.3,75.1,75.3,75.0,75.0,72.1
611,PC,M,Y15-64,TR41,71.1,65.7,66.6,70.1,70.6,70.9,71.6,71.5,70.9,71.4,71.8,68.9
612,PC,M,Y15-64,TR42,68.5,66.6,67.6,70.9,71.7,72.8,72.7,74.0,72.7,72.4,74.4,70.4
613,PC,M,Y15-64,TR51,65.4,62.7,65.4,68.5,69.4,70.0,70.2,72.3,71.9,71.7,71.8,69.0
614,PC,M,Y15-64,TR52,73.2,73.2,73.2,73.5,73.8,73.6,74.8,74.6,75.1,75.6,75.0,73.0
615,PC,M,Y15-64,TR61,75.0,71.5,73.1,75.0,75.5,74.3,74.1,73.1,72.9,71.4,72.1,70.3
616,PC,M,Y15-64,TR62,63.9,62.7,66.4,70.1,69.3,67.7,68.4,70.3,68.2,68.0,67.5,66.0
617,PC,M,Y15-64,TR63,63.1,62.6,65.6,66.4,67.0,64.1,63.3,62.1,63.8,68.1,66.8,63.3
618,PC,M,Y15-64,TR71,63.4,61.6,66.9,69.6,69.8,70.3,69.6,71.2,71.3,71.3,72.2,69.0
619,PC,M,Y15-64,TR72,64.3,62.3,64.7,68.6,70.7,70.3,69.9,70.7,72.2,71.6,68.6,65.6
620,PC,M,Y15-64,TR81,68.0,70.1,64.7,69.4,70.9,71.4,70.1,69.6,68.5,68.4,69.2,67.0
621,PC,M,Y15-64,TR82,71.1,68.0,72.7,76.2,71.7,67.3,72.7,72.5,76.3,77.7,77.7,72.6
622,PC,M,Y15-64,TR83,72.4,70.9,69.4,71.2,68.0,69.9,68.8,69.4,71.0,71.7,74.0,71.4
623,PC,M,Y15-64,TR90,73.2,72.3,69.5,69.6,67.9,67.0,69.1,69.8,69.5,70.6,70.6,69.3
624,PC,M,Y15-64,TRA1,69.1,69.2,71.6,71.4,69.9,69.0,70.9,70.1,70.6,70.9,68.9,65.6
625,PC,M,Y15-64,TRA2,70.3,68.8,68.7,69.7,71.5,74.7,70.5,71.8,68.9,68.5,68.1,59.9
626,PC,M,Y15-64,TRB1,62.6,61.4,65.5,68.0,66.7,68.9,67.0,66.7,69.4,72.3,71.5,67.2
627,PC,M,Y15-64,TRB2,59.5,59.3,60.8,65.5,65.2,64.7,62.8,61.8,57.8,62.5,59.5,58.2
628,PC,M,Y15-64,TRC1,62.1,60.3,66.1,64.7,67.3,70.0,67.3,65.7,66.4,65.3,66.3,64.5
629,PC,M,Y15-64,TRC2,51.1,51.2,52.5,56.2,50.5,54.7,58.2,58.5,58.8,63.2,61.7,55.2
630,PC,M,Y15-64,TRC3,52.1,53.8,59.0,57.2,53.5,53.6,52.5,52.9,50.7,51.6,54.1,52.5
631,PC,M,Y15-64,UKC1,71.9,68.6,70.1,68.8,69.5,69.5,71.3,70.4,74.6,74.4,75.5,72.8
632,PC,M,Y15-64,UKC2,71.6,69.2,69.1,69.4,71.5,70.7,73.2,72.5,73.6,74.4,71.8,73.3
633,PC,M,Y15-64,UKD1,81.1,77.6,78.0,76.0,77.0,76.8,77.6,80.0,76.7,80.0,82.7,83.4
634,PC,M,Y15-64,UKD3,72.8,71.9,71.8,71.5,70.6,69.6,73.7,75.8,73.6,75.5,76.5,77.7
635,PC,M,Y15-64,UKD4,75.3,73.2,75.4,72.3,73.1,72.7,72.3,75.5,76.4,78.6,77.5,78.1
636,PC,M,Y15-64,UKD6,77.4,79.5,77.9,78.8,78.2,78.0,81.2,81.5,81.4,79.8,82.8,83.0
637,PC,M,Y15-64,UKD7,67.2,66.6,67.0,67.9,69.2,68.5,67.5,71.3,70.7,73.5,75.7,73.2
638,PC,M,Y15-64,UKE1,76.5,73.9,71.5,72.9,72.5,75.4,76.1,74.6,76.9,77.9,77.9,76.8
639,PC,M,Y15-64,UKE2,81.1,77.0,76.3,76.9,78.8,78.1,80.5,81.8,82.3,79.3,80.9,82.3
640,PC,M,Y15-64,UKE3,72.1,66.3,67.7,70.2,71.2,73.9,74.5,71.2,71.3,74.1,75.7,76.7
641,PC,M,Y15-64,UKE4,76.4,74.7,71.1,68.6,72.0,72.4,74.8,74.8,75.4,76.8,77.0,76.8
642,PC,M,Y15-64,UKF1,77.5,75.0,71.9,73.9,74.0,72.8,74.6,76.8,78.7,78.5,77.3,78.1
643,PC,M,Y15-64,UKF2,79.0,78.5,76.8,77.7,77.2,77.4,80.8,79.6,78.6,78.9,80.1,81.9
644,PC,M,Y15-64,UKF3,81.5,77.3,77.9,79.7,75.1,78.8,78.4,80.6,79.9,80.3,80.0,80.9
645,PC,M,Y15-64,UKG1,81.6,77.9,78.0,77.0,80.6,80.8,81.3,81.6,82.3,82.0,82.0,82.1
646,PC,M,Y15-64,UKG2,79.4,76.9,75.1,74.8,77.0,76.0,77.8,79.8,81.8,80.0,80.2,80.7
647,PC,M,Y15-64,UKG3,70.3,66.6,69.1,68.1,69.0,68.7,69.6,70.2,72.8,71.5,74.7,74.7
648,PC,M,Y15-64,UKH1,81.0,80.0,77.0,78.3,79.0,79.1,80.4,80.0,80.8,80.6,80.6,82.2
649,PC,M,Y15-64,UKH2,81.1,79.6,80.5,78.8,78.9,80.7,81.7,83.3,82.8,80.9,82.8,83.8
650,PC,M,Y15-64,UKH3,79.9,79.3,78.2,79.4,78.3,79.6,79.5,82.3,82.0,80.5,84.2,81.0
651,PC,M,Y15-64,UKI1,74.5,71.9,,,,,,,,,,
652,PC,M,Y15-64,UKI2,78.7,75.7,,,,,,,,,,
653,PC,M,Y15-64,UKI3,,,72.3,74.9,76.2,75.6,78.3,76.6,81.4,78.7,76.9,79.0
654,PC,M,Y15-64,UKI4,,,71.7,69.7,72.0,74.4,76.2,77.0,77.3,79.4,80.2,80.8
655,PC,M,Y15-64,UKI5,,,73.5,74.2,74.2,74.8,77.9,78.9,79.4,78.3,80.1,78.2
656,PC,M,Y15-64,UKI6,,,78.9,74.8,74.6,78.3,81.8,82.7,83.6,82.5,82.4,82.2
657,PC,M,Y15-64,UKI7,,,74.7,74.3,75.9,78.1,80.0,77.9,79.6,79.4,80.8,78.9
658,PC,M,Y15-64,UKJ1,84.5,80.7,80.6,81.8,81.7,82.0,82.8,83.5,85.3,85.2,84.6,84.8
659,PC,M,Y15-64,UKJ2,81.0,79.9,82.4,79.5,80.5,80.4,80.0,79.4,82.6,83.3,80.6,81.9
660,PC,M,Y15-64,UKJ3,83.1,80.5,77.3,77.8,78.2,79.9,80.4,80.7,81.6,81.2,81.3,78.9
661,PC,M,Y15-64,UKJ4,80.3,77.4,75.5,76.0,75.9,76.1,77.7,81.0,80.2,80.7,78.9,80.2
662,PC,M,Y15-64,UKK1,81.7,79.1,80.1,78.2,79.0,78.7,80.7,82.4,82.6,83.0,83.4,83.5
663,PC,M,Y15-64,UKK2,81.5,74.3,79.0,78.2,80.4,80.3,79.8,81.6,79.5,79.3,80.0,82.8
664,PC,M,Y15-64,UKK3,77.2,75.7,74.5,74.3,72.4,71.8,76.1,79.9,80.6,82.3,78.1,79.2
665,PC,M,Y15-64,UKK4,78.9,75.4,73.7,76.5,77.3,73.4,76.7,79.7,77.7,81.0,81.9,80.7
666,PC,M,Y15-64,UKL1,70.3,67.5,67.5,69.0,70.8,71.8,70.5,72.4,75.0,75.0,76.6,75.6
667,PC,M,Y15-64,UKL2,77.7,75.9,75.9,74.4,74.1,75.4,74.5,73.5,74.9,77.5,80.1,78.7
668,PC,M,Y15-64,UKM2,79.8,76.0,73.6,73.1,76.0,,,,,,,
669,PC,M,Y15-64,UKM3,73.7,70.5,68.2,71.3,70.2,,,,,,,
670,PC,M,Y15-64,UKM5,83.0,87.2,83.8,80.8,85.2,83.2,83.3,83.7,80.2,81.8,84.2,83.8
671,PC,M,Y15-64,UKM6,84.1,85.1,76.4,76.1,73.1,80.6,82.7,83.1,82.2,82.9,80.2,81.6
672,PC,M,Y15-64,UKM7,,,,,,74.8,75.4,76.2,75.2,76.8,79.9,79.1
673,PC,M,Y15-64,UKM8,,,,,,70.1,70.0,71.5,74.8,74.6,74.3,71.6
674,PC,M,Y15-64,UKM9,,,,,,75.2,78.4,76.6,73.1,77.0,78.5,79.1
675,PC,M,Y15-64,UKN0,72.6,68.8,69.7,70.3,69.9,69.6,71.0,72.1,72.6,71.3,72.1,74.5
676,PC,T,Y15-64,AT11,71.3,70.8,71.0,70.3,70.4,69.9,69.8,69.6,69.8,71.1,71.8,71.9
677,PC,T,Y15-64,AT12,72.5,71.7,72.1,72.4,72.6,72.4,72.8,73.1,73.1,74.3,74.4,74.4
678,PC,T,Y15-64,AT13,65.4,65.2,65.9,65.9,65.9,66.0,64.7,64.6,64.9,65.3,66.8,67.1
679,PC,T,Y15-64,AT21,68.7,68.2,68.5,68.7,69.0,69.4,69.2,69.0,69.9,70.5,71.8,72.2
680,PC,T,Y15-64,AT22,70.9,70.0,70.6,71.4,71.0,71.1,70.7,70.8,71.4,72.2,73.2,74.7
681,PC,T,Y15-64,AT31,74.1,73.4,73.9,74.3,74.9,74.4,74.9,74.8,75.5,75.8,76.2,77.1
682,PC,T,Y15-64,AT32,72.8,73.1,73.3,74.1,75.2,75.4,73.7,74.1,75.1,75.6,77.0,77.2
683,PC,T,Y15-64,AT33,72.4,72.8,72.7,72.9,74.2,74.8,74.2,74.3,74.3,74.8,76.0,76.5
684,PC,T,Y15-64,AT34,72.2,72.0,72.2,73.0,73.8,74.1,74.8,75.1,76.7,76.3,76.8,77.1
685,PC,T,Y15-64,BE10,55.6,55.1,54.8,53.8,54.0,52.5,54.3,54.2,55.3,56.2,56.8,56.9
686,PC,T,Y15-64,BE21,65.2,63.8,64.6,63.8,64.0,64.0,64.1,64.8,63.9,65.5,67.7,69.3
687,PC,T,Y15-64,BE22,63.8,64.0,64.4,65.1,64.0,64.1,64.1,63.8,64.8,67.1,67.8,68.1
688,PC,T,Y15-64,BE23,68.6,67.9,67.7,67.4,67.5,68.5,68.3,67.6,68.3,68.1,70.4,71.5
689,PC,T,Y15-64,BE24,67.6,67.3,67.4,68.0,67.6,67.2,67.6,67.5,67.6,67.9,69.6,70.1
690,PC,T,Y15-64,BE25,66.8,66.1,67.4,67.4,66.6,67.3,67.9,68.1,68.6,70.0,71.6,72.4
691,PC,T,Y15-64,BE31,63.2,61.5,61.9,62.0,62.6,62.9,62.4,62.8,62.9,64.5,64.3,65.2
692,PC,T,Y15-64,BE32,54.1,52.4,53.2,53.8,54.0,53.8,52.7,53.0,54.7,54.3,54.7,55.7
693,PC,T,Y15-64,BE33,57.1,56.7,56.5,57.0,56.9,57.0,55.6,55.8,56.1,56.1,57.9,59.0
694,PC,T,Y15-64,BE34,61.4,61.1,62.7,62.1,62.7,63.3,62.4,61.3,62.2,64.4,64.5,65.3
695,PC,T,Y15-64,BE35,58.9,58.6,59.4,58.7,59.8,57.7,60.7,57.6,58.4,60.9,61.0,60.8
696,PC,T,Y15-64,BG31,59.3,57.5,54.9,53.6,53.6,54.6,55.0,56.1,54.8,57.9,58.8,59.7
697,PC,T,Y15-64,BG32,58.6,57.9,55.3,54.9,55.5,55.5,57.4,60.4,61.5,63.7,64.6,69.7
698,PC,T,Y15-64,BG33,62.0,59.2,56.8,55.8,55.0,56.5,59.8,63.1,62.9,65.4,65.4,67.4
699,PC,T,Y15-64,BG34,62.3,61.2,59.1,57.7,58.5,57.5,58.0,60.6,62.3,65.7,66.8,69.4
700,PC,T,Y15-64,BG41,71.0,70.4,66.7,65.0,65.1,65.0,66.1,68.0,68.7,72.1,73.8,75.6
701,PC,T,Y15-64,BG42,62.4,60.5,57.4,55.5,56.9,59.4,61.5,61.6,61.9,67.0,66.8,69.1
702,PC,T,Y15-64,CH01,75.6,75.1,71.7,72.7,72.6,72.4,72.3,72.9,73.2,73.0,74.2,73.7
703,PC,T,Y15-64,CH02,80.5,79.9,78.5,79.8,80.0,79.7,80.4,80.8,81.1,81.9,81.7,82.3
704,PC,T,Y15-64,CH03,80.0,79.4,77.6,78.8,78.8,79.1,78.4,79.2,79.7,80.1,80.0,81.0
705,PC,T,Y15-64,CH04,81.6,81.1,79.5,80.2,80.7,80.4,81.2,81.7,82.2,81.5,82.0,82.7
706,PC,T,Y15-64,CH05,81.3,81.0,79.6,80.6,80.9,80.6,81.7,81.5,81.8,82.4,83.0,82.8
707,PC,T,Y15-64,CH06,81.6,81.1,80.3,81.6,82.1,82.9,83.1,83.4,84.2,83.5,84.0,85.4
708,PC,T,Y15-64,CH07,70.0,70.0,70.8,71.4,69.8,69.4,69.3,70.8,71.9,73.6,71.9,71.3
709,PC,T,Y15-64,CY00,70.9,69.0,68.9,67.6,64.6,61.7,62.1,62.7,63.7,65.6,68.6,70.5
710,PC,T,Y15-64,CZ01,71.5,71.7,71.5,71.5,72.7,73.7,74.8,74.2,76.0,78.2,79.6,79.3
711,PC,T,Y15-64,CZ02,68.9,67.8,67.5,68.1,69.6,70.0,70.7,72.6,73.1,75.0,76.2,77.1
712,PC,T,Y15-64,CZ03,68.9,67.1,66.5,67.8,68.1,69.0,70.1,71.8,72.9,74.3,75.2,75.4
713,PC,T,Y15-64,CZ04,62.8,61.5,61.6,62.8,62.1,64.4,65.5,66.6,69.5,71.2,71.8,72.4
714,PC,T,Y15-64,CZ05,66.0,64.1,64.5,65.1,65.5,66.7,68.7,70.3,72.1,73.2,74.1,74.8
715,PC,T,Y15-64,CZ06,65.9,64.7,64.9,64.9,65.8,68.2,69.2,70.4,72.1,73.3,74.4,74.9
716,PC,T,Y15-64,CZ07,65.5,64.1,62.1,63.7,65.4,65.7,67.0,69.2,70.5,72.3,74.2,73.8
717,PC,T,Y15-64,CZ08,63.2,62.1,61.2,62.2,63.1,63.9,65.2,66.1,69.2,71.4,72.8,72.7
718,PC,T,Y15-64,DE11,74.2,73.6,73.8,75.4,75.6,76.0,76.9,77.2,78.0,78.3,79.1,79.5
719,PC,T,Y15-64,DE12,73.2,71.8,72.4,73.8,74.3,75.3,74.8,75.0,76.0,75.6,77.0,77.8
720,PC,T,Y15-64,DE13,74.9,75.2,75.9,77.5,77.8,78.4,78.2,77.9,78.0,78.4,79.2,79.5
721,PC,T,Y15-64,DE14,74.2,73.7,74.9,76.7,76.5,77.7,77.4,77.9,78.6,79.1,79.0,79.8
722,PC,T,Y15-64,DE21,74.9,75.1,75.7,77.1,77.6,78.6,78.9,78.8,79.6,80.2,80.3,81.2
723,PC,T,Y15-64,DE22,74.2,73.7,75.5,76.4,76.3,76.9,77.5,77.8,78.8,79.2,79.1,80.1
724,PC,T,Y15-64,DE23,75.0,74.0,73.7,75.1,75.0,75.9,77.6,77.1,76.4,77.7,79.0,79.3
725,PC,T,Y15-64,DE24,72.1,71.3,72.1,75.0,75.9,76.3,76.8,76.5,77.0,77.3,78.3,79.8
726,PC,T,Y15-64,DE25,73.5,73.1,73.8,75.9,76.4,76.2,76.6,76.6,76.3,77.2,77.8,77.7
727,PC,T,Y15-64,DE26,73.4,72.0,73.6,75.1,75.5,76.3,76.4,76.6,77.0,76.9,78.6,78.9
728,PC,T,Y15-64,DE27,74.3,74.2,75.8,76.1,76.9,77.2,77.4,77.6,78.7,79.0,78.8,79.9
729,PC,T,Y15-64,DE30,62.6,64.9,66.1,67.3,68.4,68.6,69.0,69.0,71.6,72.8,74.3,74.9
730,PC,T,Y15-64,DE40,70.8,71.8,73.2,74.3,74.1,74.8,74.7,75.2,76.8,76.8,77.2,78.1
731,PC,T,Y15-64,DE50,64.4,64.3,66.1,67.1,68.3,67.5,68.2,67.9,71.1,71.7,71.4,71.9
732,PC,T,Y15-64,DE60,70.3,71.1,71.7,73.5,73.5,73.8,74.7,75.1,75.5,76.4,76.4,76.9
733,PC,T,Y15-64,DE71,71.2,71.4,71.9,73.4,73.6,74.0,72.9,73.8,74.1,74.9,75.3,76.3
734,PC,T,Y15-64,DE72,69.6,70.0,69.9,71.9,71.6,72.5,72.8,72.2,73.3,73.5,73.0,73.7
735,PC,T,Y15-64,DE73,68.6,69.7,70.7,73.3,73.1,73.8,73.4,74.2,75.3,75.9,76.3,77.0
736,PC,T,Y15-64,DE80,68.0,69.2,70.7,71.4,70.5,70.5,71.1,71.7,72.5,73.5,73.2,74.9
737,PC,T,Y15-64,DE91,66.4,67.3,68.7,70.7,70.3,70.0,70.5,71.5,71.3,72.3,73.5,74.4
738,PC,T,Y15-64,DE92,68.6,68.5,69.3,70.5,72.5,73.1,73.2,72.6,72.1,72.7,73.9,75.3
739,PC,T,Y15-64,DE93,70.0,71.8,72.7,74.2,73.9,74.8,75.7,76.1,75.6,76.4,77.6,77.7
740,PC,T,Y15-64,DE94,68.9,69.8,71.0,72.9,73.0,74.4,74.1,73.8,74.5,75.6,76.1,76.5
741,PC,T,Y15-64,DEA1,67.3,67.3,67.6,69.2,69.2,69.3,69.8,69.7,70.3,71.5,71.9,72.5
742,PC,T,Y15-64,DEA2,67.5,67.8,68.2,69.3,69.6,69.6,70.5,70.9,72.4,72.6,72.4,73.6
743,PC,T,Y15-64,DEA3,67.7,67.6,68.6,70.3,70.5,70.1,70.8,71.9,71.8,71.8,73.8,74.7
744,PC,T,Y15-64,DEA4,69.8,69.0,69.4,71.3,72.5,72.9,72.7,73.1,73.8,74.1,75.1,76.0
745,PC,T,Y15-64,DEA5,66.1,65.9,66.5,68.6,68.7,69.2,70.1,69.9,69.9,70.7,72.2,72.8
746,PC,T,Y15-64,DEB1,71.6,71.2,72.9,73.8,73.5,74.2,74.1,74.5,75.2,75.2,76.9,77.5
747,PC,T,Y15-64,DEB2,74.6,74.1,75.6,74.8,75.6,75.8,77.6,76.7,76.9,77.9,78.6,79.6
748,PC,T,Y15-64,DEB3,70.7,70.4,70.8,71.6,72.6,73.2,73.3,73.2,73.5,73.7,73.9,74.9
749,PC,T,Y15-64,DEC0,67.3,66.5,67.4,68.4,69.0,69.9,70.2,70.7,71.9,72.6,73.5,73.6
750,PC,T,Y15-64,DED2,70.1,71.1,72.9,74.6,74.5,74.7,74.7,75.8,77.3,78.0,78.1,79.5
751,PC,T,Y15-64,DED4,69.8,70.2,71.8,73.6,73.9,75.2,76.2,75.8,76.8,77.8,78.6,78.9
752,PC,T,Y15-64,DED5,68.2,69.4,71.0,72.2,72.3,73.3,73.4,73.7,74.9,76.3,77.3,77.3
753,PC,T,Y15-64,DEE0,67.7,69.1,71.3,72.9,72.4,73.3,72.9,73.6,73.7,73.9,75.0,75.7
754,PC,T,Y15-64,DEF0,70.8,70.6,71.3,72.7,73.5,73.7,74.2,74.7,74.1,75.1,75.6,77.4
755,PC,T,Y15-64,DEG0,70.2,71.2,73.6,74.9,74.7,75.5,75.5,74.2,75.8,76.6,77.1,77.6
756,PC,T,Y15-64,DK01,77.6,74.9,73.4,72.8,72.5,72.7,72.8,73.8,75.1,75.2,75.9,76.8
757,PC,T,Y15-64,DK02,75.0,72.5,71.5,71.4,70.3,69.6,70.8,71.0,71.0,72.2,72.2,73.6
758,PC,T,Y15-64,DK03,74.7,71.5,69.6,70.7,70.2,69.0,69.0,70.7,70.7,71.7,73.2,73.9
759,PC,T,Y15-64,DK04,77.4,74.5,72.6,71.9,71.0,71.0,71.1,71.9,72.9,73.1,74.6,75.3
760,PC,T,Y15-64,DK05,75.7,73.3,70.7,69.6,69.3,69.5,70.5,70.4,70.9,71.8,72.2,72.8
761,PC,T,Y15-64,EE00,70.1,63.8,61.2,65.3,67.1,68.5,69.6,71.9,72.1,74.1,74.8,75.3
762,PC,T,Y15-64,EL30,62.8,62.1,59.8,56.0,51.3,49.2,50.0,51.0,52.8,53.7,54.7,57.6
763,PC,T,Y15-64,EL41,56.6,56.6,57.4,53.2,51.9,51.1,49.2,51.3,54.3,56.4,56.6,60.4
764,PC,T,Y15-64,EL42,60.7,60.8,58.6,57.1,56.0,53.4,54.5,57.9,57.7,58.0,59.3,60.5
765,PC,T,Y15-64,EL43,64.1,63.5,61.7,58.8,53.7,52.0,52.5,51.6,53.6,56.9,60.1,61.8
766,PC,T,Y15-64,EL51,60.3,59.6,57.9,52.4,50.1,47.7,49.8,50.8,51.9,53.6,55.8,56.6
767,PC,T,Y15-64,EL52,59.2,58.1,56.4,52.0,47.8,45.2,46.3,49.4,51.0,51.7,53.3,53.7
768,PC,T,Y15-64,EL53,56.5,57.7,55.1,50.1,44.8,43.2,46.4,45.7,46.3,47.9,49.6,50.6
769,PC,T,Y15-64,EL54,59.9,59.7,59.0,54.4,51.3,48.1,48.3,49.0,50.1,50.0,52.8,55.1
770,PC,T,Y15-64,EL61,61.3,61.5,59.9,55.4,51.8,49.6,49.0,49.2,50.2,53.8,54.4,54.8
771,PC,T,Y15-64,EL62,65.4,65.4,61.6,60.3,59.9,57.1,54.4,55.7,57.7,55.3,59.9,59.8
772,PC,T,Y15-64,EL63,57.1,57.6,57.3,53.0,47.8,46.1,46.1,47.7,47.1,49.4,50.1,49.7
773,PC,T,Y15-64,EL64,60.7,59.1,59.1,55.0,48.0,48.2,49.0,51.1,50.8,53.6,54.7,55.7
774,PC,T,Y15-64,EL65,66.5,66.3,64.3,60.4,56.0,54.7,54.4,55.1,56.3,59.3,60.5,61.9
775,PC,T,Y15-64,ES11,64.6,62.2,59.9,59.5,57.7,56.1,56.3,57.9,59.8,60.9,62.6,63.8
776,PC,T,Y15-64,ES12,62.0,58.3,56.8,55.6,53.5,52.4,54.4,55.0,57.3,59.3,59.4,59.4
777,PC,T,Y15-64,ES13,65.7,62.0,60.1,59.7,58.3,56.3,57.6,58.9,61.4,62.6,63.5,64.2
778,PC,T,Y15-64,ES21,67.9,64.2,65.3,65.5,62.6,61.6,61.8,62.9,65.1,65.4,66.7,67.3
779,PC,T,Y15-64,ES22,69.7,66.6,65.9,65.5,62.5,61.1,63.2,63.7,64.4,67.0,67.1,68.0
780,PC,T,Y15-64,ES23,68.7,65.2,63.7,62.4,59.7,59.9,62.5,64.2,65.4,66.4,67.9,68.7
781,PC,T,Y15-64,ES24,69.9,65.3,63.0,62.1,62.1,59.3,60.4,63.0,65.0,66.8,67.9,68.8
782,PC,T,Y15-64,ES30,70.1,66.7,65.7,64.9,63.4,62.5,63.1,65.3,65.6,66.9,67.8,69.0
783,PC,T,Y15-64,ES41,64.1,61.1,60.6,60.3,58.5,56.9,58.0,59.6,61.9,63.2,64.7,65.5
784,PC,T,Y15-64,ES42,62.4,57.9,56.3,55.9,51.9,51.2,51.8,53.5,55.5,58.0,59.7,60.8
785,PC,T,Y15-64,ES43,56.5,53.2,52.5,51.0,46.4,46.6,48.9,49.4,50.7,51.3,53.7,55.7
786,PC,T,Y15-64,ES51,70.3,64.2,63.7,63.0,60.1,59.8,61.9,63.1,65.5,66.9,67.9,68.6
787,PC,T,Y15-64,ES52,64.7,58.4,56.6,55.7,53.5,53.1,54.6,57.1,59.2,61.0,62.4,63.3
788,PC,T,Y15-64,ES53,68.0,63.1,62.0,60.1,60.5,60.9,61.8,64.5,67.0,67.2,68.0,67.6
789,PC,T,Y15-64,ES61,56.0,51.6,50.4,48.9,46.6,45.3,46.4,48.8,50.0,52.1,53.6,54.8
790,PC,T,Y15-64,ES62,63.0,57.4,56.4,54.6,52.9,51.7,53.7,53.8,57.1,58.8,59.5,60.9
791,PC,T,Y15-64,ES63,51.6,51.8,47.4,46.3,43.0,45.1,44.5,46.3,48.9,50.3,49.2,49.9
792,PC,T,Y15-64,ES64,50.1,46.3,47.9,49.6,45.6,43.8,45.6,42.5,45.2,47.4,50.7,49.7
793,PC,T,Y15-64,ES70,57.6,52.7,51.1,51.7,49.5,48.5,49.0,51.9,53.6,55.0,57.4,57.2
794,PC,T,Y15-64,FI19,70.3,67.8,67.2,68.1,68.5,68.1,68.4,67.9,68.3,69.1,71.7,72.8
795,PC,T,Y15-64,FI1B,76.5,74.3,73.5,74.3,74.1,73.4,73.0,72.7,73.2,73.3,74.7,75.3
796,PC,T,Y15-64,FI1C,70.7,68.0,66.7,67.4,68.8,67.0,66.4,66.7,67.3,68.5,71.4,72.4
797,PC,T,Y15-64,FI1D,65.4,63.1,63.5,64.5,64.5,65.3,65.2,65.0,65.7,67.2,69.1,70.0
798,PC,T,Y15-64,FI20,82.5,77.9,78.0,78.5,80.7,78.7,81.8,81.8,81.8,83.0,81.8,81.5
799,PC,T,Y15-64,FR10,67.6,66.6,65.5,65.7,66.3,66.5,66.2,66.2,66.6,67.2,67.8,68.0
800,PC,T,Y15-64,FRB0,67.0,66.6,67.1,64.8,64.2,63.8,63.8,63.0,64.0,65.7,66.1,66.7
801,PC,T,Y15-64,FRC1,65.4,65.6,63.9,64.3,64.1,63.4,63.3,64.2,63.6,64.7,67.7,67.9
802,PC,T,Y15-64,FRC2,65.9,64.1,65.0,65.7,65.2,64.1,63.5,65.3,68.0,67.9,68.0,66.7
803,PC,T,Y15-64,FRD1,68.2,67.8,63.1,62.2,65.2,64.4,64.8,65.0,64.7,65.2,67.9,66.1
804,PC,T,Y15-64,FRD2,62.9,62.2,61.0,63.5,61.9,61.1,61.5,63.0,62.3,62.3,62.9,63.1
805,PC,T,Y15-64,FRE1,57.5,56.1,57.1,57.7,58.0,57.4,57.4,57.0,57.6,57.8,57.7,58.4
806,PC,T,Y15-64,FRE2,65.5,62.1,61.0,63.8,61.4,59.5,60.4,61.8,61.1,64.4,63.1,62.4
807,PC,T,Y15-64,FRF1,68.5,66.5,67.4,67.1,65.8,66.0,64.9,67.2,65.8,64.6,67.9,69.2
808,PC,T,Y15-64,FRF2,63.8,63.1,63.1,60.6,61.6,60.6,61.4,59.5,59.9,62.2,63.0,61.6
809,PC,T,Y15-64,FRF3,63.3,61.6,64.1,62.8,61.3,60.2,61.5,61.0,61.6,63.0,63.0,64.5
810,PC,T,Y15-64,FRG0,65.4,66.0,66.7,65.4,67.2,66.6,67.5,67.6,67.7,68.5,67.3,67.5
811,PC,T,Y15-64,FRH0,65.8,66.3,64.5,64.5,65.3,67.1,67.1,67.6,66.2,66.3,66.7,67.3
812,PC,T,Y15-64,FRI1,65.4,64.9,65.4,63.7,63.8,64.6,64.6,65.9,64.9,65.1,66.5,67.1
813,PC,T,Y15-64,FRI2,67.7,67.0,65.5,65.8,66.5,67.4,66.6,67.5,70.1,69.8,67.5,66.8
814,PC,T,Y15-64,FRI3,66.5,65.3,65.2,64.8,65.9,65.8,64.2,65.2,65.1,64.9,66.1,67.9
815,PC,T,Y15-64,FRJ1,58.3,56.3,56.0,57.8,55.2,56.7,58.6,58.5,59.1,59.8,59.8,59.8
816,PC,T,Y15-64,FRJ2,67.5,66.1,68.0,67.1,66.4,67.4,66.0,65.3,65.8,66.4,68.2,68.1
817,PC,T,Y15-64,FRK1,66.0,66.1,64.7,64.5,63.9,64.5,64.6,65.0,67.3,64.2,67.9,67.4
818,PC,T,Y15-64,FRK2,65.4,64.6,65.7,65.4,66.2,66.5,66.1,66.5,67.8,68.6,69.1,69.1
819,PC,T,Y15-64,FRL0,61.4,61.7,61.6,61.7,62.2,62.0,63.4,61.9,62.7,62.7,63.5,63.5
820,PC,T,Y15-64,FRM0,56.5,57.0,60.9,64.2,60.2,58.2,58.5,55.3,64.1,68.3,65.6,67.2
821,PC,T,Y15-64,FRY1,49.6,47.9,48.3,49.1,48.7,48.5,48.2,48.5,48.4,50.3,48.6,49.7
822,PC,T,Y15-64,FRY2,48.3,49.3,49.7,51.5,51.3,51.8,52.6,53.7,54.8,54.3,55.0,57.5
823,PC,T,Y15-64,FRY3,43.8,46.6,45.4,44.7,45.4,45.7,46.5,45.3,44.1,43.5,44.3,43.2
824,PC,T,Y15-64,FRY4,45.8,44.8,44.0,43.3,43.8,44.5,46.1,48.2,48.8,48.1,46.5,46.2
825,PC,T,Y15-64,FRY5,,,,,,34.1,34.3,35.5,35.2,35.5,33.3,35.2
826,PC,T,Y15-64,HR03,58.1,57.5,56.4,53.7,52.7,51.5,54.5,55.2,55.5,58.7,58.5,60.4
827,PC,T,Y15-64,HR04,60.9,60.4,57.9,55.9,53.9,53.0,54.6,56.4,57.6,59.0,61.7,62.9
828,PC,T,Y15-64,HU10,62.7,61.3,60.0,60.2,61.7,,,,,,,
829,PC,T,Y15-64,HU11,,,,,,64.2,67.5,69.2,72.7,74.0,73.1,74.0
830,PC,T,Y15-64,HU12,,,,,,60.6,63.9,65.4,68.1,69.2,70.6,72.0
831,PC,T,Y15-64,HU21,59.9,57.3,57.0,59.1,59.2,60.7,64.3,67.9,68.4,70.5,70.9,71.8
832,PC,T,Y15-64,HU22,61.6,59.2,58.6,59.9,61.0,61.8,65.8,67.5,68.9,71.0,73.0,73.8
833,PC,T,Y15-64,HU23,50.8,51.7,52.4,51.1,51.9,54.8,58.6,60.2,62.2,63.0,64.5,65.4
834,PC,T,Y15-64,HU31,49.4,48.2,48.3,48.4,49.1,51.6,55.7,59.0,61.8,63.5,65.6,66.1
835,PC,T,Y15-64,HU32,49.5,48.0,49.0,49.9,51.8,53.2,57.3,58.9,62.0,64.4,65.8,66.4
836,PC,T,Y15-64,HU33,54.0,52.9,54.1,54.1,55.5,56.3,59.7,62.2,65.7,67.4,68.8,69.6
837,PC,T,Y15-64,IE01,67.8,61.1,58.5,57.4,,,,,,,,
838,PC,T,Y15-64,IE02,70.3,64.6,61.9,61.0,,,,,,,,
839,PC,T,Y15-64,IE04,,,,,58.1,61.3,62.3,64.0,65.5,67.0,67.4,68.4
840,PC,T,Y15-64,IE05,,,,,59.6,61.5,62.2,64.1,66.2,67.2,66.9,67.4
841,PC,T,Y15-64,IE06,,,,,60.8,62.1,64.1,65.4,66.9,68.2,70.2,71.3
842,PC,T,Y15-64,IS00,83.6,78.3,78.2,78.5,79.7,81.1,82.9,84.7,86.6,86.1,85.1,84.1
843,PC,T,Y15-64,ITC1,65.2,63.9,63.5,64.2,63.6,62.2,62.4,63.7,64.4,65.2,65.9,66.0
844,PC,T,Y15-64,ITC2,67.8,66.8,67.3,66.9,66.3,65.6,66.2,66.2,66.4,67.1,67.9,68.4
845,PC,T,Y15-64,ITC3,63.6,63.2,62.7,63.0,62.0,60.6,60.7,62.4,62.7,62.4,63.0,63.3
846,PC,T,Y15-64,ITC4,66.9,65.7,65.0,64.6,64.5,64.8,64.9,65.1,66.2,67.3,67.7,68.4
847,PC,T,Y15-64,ITF1,58.8,55.7,55.4,56.6,56.7,55.0,53.9,54.5,55.7,56.8,58.0,58.2
848,PC,T,Y15-64,ITF2,54.1,52.2,51.0,50.3,50.6,47.6,48.5,49.4,51.9,51.7,53.5,54.5
849,PC,T,Y15-64,ITF3,42.4,40.8,39.8,39.4,39.9,39.7,39.2,39.6,41.2,42.0,41.6,41.5
850,PC,T,Y15-64,ITF4,46.6,44.9,44.3,44.7,44.9,42.3,42.1,43.3,44.3,44.5,45.5,46.3
851,PC,T,Y15-64,ITF5,49.6,48.4,47.1,47.6,46.8,46.2,47.2,49.2,50.3,49.5,49.4,50.8
852,PC,T,Y15-64,ITF6,44.0,43.0,42.1,42.4,41.5,38.9,39.3,38.9,39.6,40.8,42.2,42.0
853,PC,T,Y15-64,ITG1,44.1,43.6,42.7,42.4,41.3,39.3,39.0,40.0,40.1,40.6,40.7,41.1
854,PC,T,Y15-64,ITG2,52.3,50.8,51.0,51.7,51.7,48.3,48.6,50.1,50.3,50.5,52.7,53.8
855,PC,T,Y15-64,ITH1,70.4,70.4,71.0,71.0,71.8,71.4,70.8,71.4,72.7,72.9,73.5,74.1
856,PC,T,Y15-64,ITH2,66.7,66.5,65.9,65.9,65.4,65.5,65.9,66.1,66.0,67.6,68.2,68.5
857,PC,T,Y15-64,ITH3,66.4,64.6,64.4,64.9,64.9,63.1,63.7,63.6,64.7,66.0,66.6,67.5
858,PC,T,Y15-64,ITH4,65.2,63.5,63.6,64.2,63.6,63.0,63.1,63.7,64.7,65.7,66.3,66.6
859,PC,T,Y15-64,ITH5,70.2,68.4,67.3,67.8,67.5,66.2,66.3,66.7,68.4,68.6,69.6,70.4
860,PC,T,Y15-64,ITI1,65.3,64.7,63.7,63.6,63.7,63.7,63.8,64.8,65.3,66.0,66.5,66.9
861,PC,T,Y15-64,ITI2,65.3,62.9,62.6,62.2,61.5,60.9,61.0,63.1,62.7,62.9,63.0,64.6
862,PC,T,Y15-64,ITI3,64.7,63.6,63.7,62.4,62.6,61.1,62.4,62.1,62.2,62.2,64.7,65.0
863,PC,T,Y15-64,ITI4,60.2,59.5,59.1,58.8,58.8,57.7,58.8,59.0,59.9,60.9,60.9,61.2
864,PC,T,Y15-64,LT00,64.4,59.9,57.6,60.2,62.0,,,,,,,
865,PC,T,Y15-64,LT01,,,,,,68.1,70.2,70.9,74.7,76.3,78.5,79.3
866,PC,T,Y15-64,LT02,,,,,,62.1,64.0,65.8,67.2,68.0,69.8,70.3
867,PC,T,Y15-64,LU00,63.4,65.2,65.2,64.6,65.8,65.7,66.6,66.1,65.6,66.3,67.1,67.9
868,PC,T,Y15-64,LV00,68.2,60.3,58.5,60.8,63.0,65.0,66.3,68.1,68.7,70.1,71.8,72.3
869,PC,T,Y15-64,ME00,,,,45.8,47.0,47.1,50.4,51.4,52.0,53.1,54.7,56.0
870,PC,T,Y15-64,MK00,41.9,43.3,43.5,43.9,44.0,46.0,46.9,47.8,49.1,50.5,51.7,54.7
871,PC,T,Y15-64,MT00,55.5,55.3,56.2,57.9,59.9,62.2,63.9,65.1,67.2,69.2,71.9,73.1
872,PC,T,Y15-64,NL11,69.5,68.9,70.5,70.5,70.7,69.6,67.9,69.5,69.5,69.3,71.6,72.3
873,PC,T,Y15-64,NL12,74.2,74.8,72.8,73.0,73.3,72.9,72.8,73.7,74.6,75.3,76.9,78.4
874,PC,T,Y15-64,NL13,73.3,73.8,72.1,71.8,73.3,72.9,72.7,73.6,73.6,75.9,76.8,77.5
875,PC,T,Y15-64,NL21,76.6,76.1,75.1,75.4,74.8,74.0,73.9,75.0,74.9,76.3,77.9,78.9
876,PC,T,Y15-64,NL22,75.5,75.6,74.7,74.9,74.9,75.3,74.1,74.5,74.9,76.6,77.4,78.1
877,PC,T,Y15-64,NL23,76.5,75.9,74.0,74.2,73.7,72.6,70.0,72.1,73.6,74.5,77.8,78.9
878,PC,T,Y15-64,NL31,77.5,77.5,77.0,77.1,77.8,76.7,75.9,76.5,77.8,78.1,79.5,80.7
879,PC,T,Y15-64,NL32,75.7,75.5,74.8,75.0,75.3,74.7,74.8,75.8,77.1,77.5,78.0,78.8
880,PC,T,Y15-64,NL33,73.8,73.2,72.7,72.9,72.7,72.0,71.4,72.1,72.6,73.8,75.6,76.8
881,PC,T,Y15-64,NL34,73.6,74.9,74.1,73.9,75.3,74.2,75.0,76.7,77.5,76.6,78.6,79.2
882,PC,T,Y15-64,NL41,76.7,75.7,75.2,75.3,75.7,74.5,74.2,75.5,76.6,77.9,79.0,80.1
883,PC,T,Y15-64,NL42,71.3,71.3,70.0,71.0,72.1,70.1,69.9,71.8,72.4,73.6,75.0,75.8
884,PC,T,Y15-64,NO01,79.8,77.7,76.8,77.4,77.2,76.4,76.9,76.4,76.3,75.8,76.5,77.6
885,PC,T,Y15-64,NO02,74.7,74.7,73.2,72.4,73.0,73.1,73.9,73.8,73.7,74.5,73.6,72.9
886,PC,T,Y15-64,NO03,76.3,74.3,74.0,73.2,74.1,73.1,72.0,72.2,71.2,71.1,72.2,73.0
887,PC,T,Y15-64,NO04,78.5,77.0,75.7,76.0,76.7,77.7,76.8,74.4,73.6,72.6,73.7,74.5
888,PC,T,Y15-64,NO05,79.9,78.8,76.8,76.8,77.3,76.2,76.3,76.2,75.1,74.8,75.9,76.0
889,PC,T,Y15-64,NO06,77.5,76.0,74.8,73.9,74.8,76.4,75.2,75.4,75.8,75.8,75.5,75.3
890,PC,T,Y15-64,NO07,75.5,73.8,73.1,73.6,73.9,73.4,73.7,73.5,73.9,73.7,75.5,75.4
891,PC,T,Y15-64,PL21,61.0,60.1,59.3,59.5,59.1,59.5,60.9,62.2,64.6,65.9,66.9,67.8
892,PC,T,Y15-64,PL22,56.3,57.5,56.8,57.5,57.6,58.0,59.4,59.9,62.6,64.3,65.0,65.9
893,PC,T,Y15-64,PL41,60.2,60.2,60.5,60.4,61.0,62.2,63.6,65.4,66.6,69.2,70.1,70.7
894,PC,T,Y15-64,PL42,54.2,54.9,53.4,53.9,55.9,57.1,58.7,59.9,60.5,63.1,65.9,65.8
895,PC,T,Y15-64,PL43,56.8,56.1,56.9,57.4,57.2,58.1,59.7,61.9,64.0,65.3,66.0,67.2
896,PC,T,Y15-64,PL51,56.8,57.9,57.5,57.4,57.6,58.2,61.3,63.3,65.6,66.3,68.1,70.1
897,PC,T,Y15-64,PL52,57.3,57.9,58.3,58.8,59.7,59.6,61.2,62.9,64.6,66.8,68.6,68.3
898,PC,T,Y15-64,PL61,55.6,56.8,56.6,56.7,58.2,58.2,59.6,60.9,62.1,63.5,65.4,66.1
899,PC,T,Y15-64,PL62,55.8,56.1,55.6,54.6,53.6,54.5,55.6,56.9,58.7,60.8,61.9,63.4
900,PC,T,Y15-64,PL63,58.7,58.1,58.8,58.8,59.3,59.2,60.7,63.8,65.6,67.7,68.6,70.8
901,PC,T,Y15-64,PL71,61.3,60.6,61.0,61.8,61.0,61.6,64.4,64.7,66.6,68.8,70.0,69.2
902,PC,T,Y15-64,PL72,60.8,59.3,58.8,58.4,59.1,58.1,59.2,61.1,62.2,63.5,63.5,65.4
903,PC,T,Y15-64,PL81,59.0,58.6,59.0,59.7,60.2,60.6,61.0,61.4,62.4,63.4,64.9,65.1
904,PC,T,Y15-64,PL82,57.8,58.0,57.4,56.8,57.0,56.7,56.3,57.4,61.2,62.9,63.1,63.7
905,PC,T,Y15-64,PL84,61.7,61.7,58.9,60.4,61.6,61.4,62.4,64.1,65.1,66.1,67.9,68.3
906,PC,T,Y15-64,PL91,,,,,,70.0,72.7,74.0,74.4,75.5,78.6,77.3
907,PC,T,Y15-64,PL92,,,,,,60.6,63.1,63.2,63.3,64.5,64.5,66.7
908,PC,T,Y15-64,PT11,66.2,63.8,62.9,62.9,60.4,58.7,60.5,61.4,62.9,66.1,68.3,69.0
909,PC,T,Y15-64,PT15,69.3,67.9,65.3,64.2,62.0,61.9,65.0,65.6,68.4,71.7,72.2,72.5
910,PC,T,Y15-64,PT16,71.8,69.7,69.8,65.7,64.3,64.8,65.3,66.9,67.5,69.1,70.9,71.9
911,PC,T,Y15-64,PT17,68.3,66.3,64.9,63.8,61.2,60.4,63.8,65.7,67.1,69.3,71.3,71.8
912,PC,T,Y15-64,PT18,65.7,65.3,65.4,64.2,61.1,60.9,62.9,63.4,64.4,67.9,69.3,70.2
913,PC,T,Y15-64,PT20,64.7,64.5,63.2,60.6,57.1,55.7,57.0,59.7,61.0,63.1,64.1,65.5
914,PC,T,Y15-64,PT30,66.5,65.5,65.7,61.7,57.8,56.6,58.3,59.1,60.7,63.3,65.3,68.0
915,PC,T,Y15-64,RO11,56.4,55.2,59.8,60.1,62.3,62.9,63.8,63.4,64.0,66.3,67.0,67.0
916,PC,T,Y15-64,RO12,56.6,55.1,54.1,52.8,53.6,54.2,54.8,56.7,58.4,60.8,59.0,60.2
917,PC,T,Y15-64,RO21,60.5,60.6,64.6,64.9,65.7,65.9,66.8,69.9,69.0,69.9,71.8,73.1
918,PC,T,Y15-64,RO22,55.3,55.4,57.1,55.2,55.9,54.9,54.4,57.5,56.5,57.6,59.1,60.4
919,PC,T,Y15-64,RO31,61.1,60.1,61.0,56.4,58.1,59.4,60.5,59.7,59.9,62.8,64.0,64.9
920,PC,T,Y15-64,RO32,63.3,63.8,64.1,64.4,63.8,62.6,64.5,66.2,67.8,70.0,71.3,72.3
921,PC,T,Y15-64,RO41,60.0,59.9,60.8,61.6,62.3,60.2,62.1,56.2,55.7,61.0,62.5,64.0
922,PC,T,Y15-64,RO42,59.3,58.6,58.3,58.1,58.4,58.6,59.4,57.7,57.2,58.9,59.7,60.6
923,PC,T,Y15-64,RS11,,,,,,50.8,53.0,53.1,56.9,60.3,62.9,64.9
924,PC,T,Y15-64,RS12,,,,,,45.8,50.6,51.8,54.4,57.2,59.1,60.7
925,PC,T,Y15-64,RS21,,,,,,47.2,52.1,53.2,55.8,57.3,58.1,59.9
926,PC,T,Y15-64,RS22,,,,,,46.9,47.1,49.9,53.3,54.2,54.6,56.9
927,PC,T,Y15-64,SE11,77.0,76.0,75.5,76.6,76.7,77.5,77.5,77.9,78.5,79.2,80.1,79.5
928,PC,T,Y15-64,SE12,72.4,70.7,70.0,71.3,71.6,72.0,73.0,73.6,74.3,74.6,74.9,75.3
929,PC,T,Y15-64,SE21,77.4,73.3,72.4,74.6,74.8,75.2,76.0,76.9,76.8,78.3,78.5,78.8
930,PC,T,Y15-64,SE22,73.1,71.1,71.6,71.6,71.4,72.2,72.2,73.4,73.8,73.9,73.8,73.0
931,PC,T,Y15-64,SE23,74.5,71.7,72.3,74.2,74.6,74.8,75.9,76.8,77.0,77.9,78.7,79.2
932,PC,T,Y15-64,SE31,72.2,69.7,70.6,72.0,72.8,73.3,72.2,72.8,74.3,75.5,76.7,75.4
933,PC,T,Y15-64,SE32,72.5,70.6,70.0,72.5,72.8,74.6,75.8,75.0,76.0,77.1,77.1,76.2
934,PC,T,Y15-64,SE33,72.1,70.1,69.2,72.4,72.1,73.5,74.3,74.5,77.2,77.0,76.9,75.9
935,PC,T,Y15-64,SI01,67.1,66.4,,,,,,,,,,
936,PC,T,Y15-64,SI02,70.2,68.8,,,,,,,,,,
937,PC,T,Y15-64,SI03,,,65.0,62.9,62.9,61.3,62.5,63.6,64.3,68.5,69.8,70.4
938,PC,T,Y15-64,SI04,,,67.6,66.2,65.5,65.5,65.5,67.0,67.5,70.1,72.7,73.5
939,PC,T,Y15-64,SK01,72.1,71.2,68.5,70.3,71.6,70.6,70.9,71.5,74.9,75.2,76.2,77.1
940,PC,T,Y15-64,SK02,65.5,62.2,61.1,61.8,61.9,61.8,63.2,64.7,67.3,68.9,69.4,70.1
941,PC,T,Y15-64,SK03,59.4,57.0,56.3,57.6,58.0,58.1,58.8,62.1,63.8,65.1,66.8,68.1
942,PC,T,Y15-64,SK04,56.7,55.9,54.1,53.7,54.0,55.0,56.4,57.6,59.1,60.5,62.7,63.4
943,PC,T,Y15-64,TR10,44.2,41.5,43.9,46.3,48.5,49.4,49.7,50.8,52.2,53.3,54.2,52.7
944,PC,T,Y15-64,TR21,51.7,51.3,53.6,54.8,55.2,56.3,57.5,59.1,59.9,59.7,61.4,58.6
945,PC,T,Y15-64,TR22,49.0,50.1,50.3,51.3,51.6,50.9,52.4,52.3,53.3,54.5,54.4,52.6
946,PC,T,Y15-64,TR31,43.5,42.7,46.8,50.2,49.6,51.8,51.3,50.9,53.4,53.3,54.3,53.1
947,PC,T,Y15-64,TR32,49.7,51.0,52.6,54.8,57.7,57.7,56.5,56.6,56.4,57.8,59.6,58.2
948,PC,T,Y15-64,TR33,43.8,45.2,49.4,55.4,57.9,56.9,56.4,56.5,55.9,56.0,56.6,54.2
949,PC,T,Y15-64,TR41,48.1,45.3,45.9,48.7,49.5,51.1,50.6,51.1,50.7,52.4,53.6,50.9
950,PC,T,Y15-64,TR42,45.5,44.7,46.5,51.0,51.5,53.0,52.9,53.8,52.2,53.1,54.1,51.1
951,PC,T,Y15-64,TR51,43.1,42.0,44.1,46.2,47.1,47.8,49.6,50.5,51.1,51.5,51.5,49.8
952,PC,T,Y15-64,TR52,49.4,51.1,50.6,49.8,49.8,50.8,50.6,52.2,51.6,52.1,52.5,51.4
953,PC,T,Y15-64,TR61,55.7,53.2,55.4,57.2,57.0,56.9,56.5,55.2,55.2,54.4,55.4,54.6
954,PC,T,Y15-64,TR62,41.9,42.8,46.9,49.5,47.9,47.0,47.5,49.3,48.6,48.9,48.9,48.4
955,PC,T,Y15-64,TR63,40.6,40.5,45.2,46.2,45.9,43.2,40.3,39.2,43.4,46.4,46.5,43.5
956,PC,T,Y15-64,TR71,37.9,39.9,45.4,46.6,47.2,49.1,49.0,51.0,50.5,50.1,51.6,50.2
957,PC,T,Y15-64,TR72,38.5,39.0,42.1,48.4,50.7,49.4,47.5,48.6,50.1,48.3,46.0,44.9
958,PC,T,Y15-64,TR81,54.5,56.7,51.1,56.5,58.0,55.8,53.4,52.5,51.2,51.5,51.2,51.5
959,PC,T,Y15-64,TR82,54.0,51.3,57.2,61.6,56.9,51.1,57.1,57.8,62.2,62.5,62.5,57.9
960,PC,T,Y15-64,TR83,54.9,55.2,51.2,53.9,50.1,51.8,51.5,52.4,53.5,54.8,58.0,55.4
961,PC,T,Y15-64,TR90,61.5,61.3,58.6,57.6,56.7,52.7,54.8,56.5,57.4,58.3,57.5,57.4
962,PC,T,Y15-64,TRA1,50.6,51.2,53.1,50.9,49.1,50.6,51.3,51.7,51.4,51.1,48.4,46.1
963,PC,T,Y15-64,TRA2,51.0,49.1,48.2,51.2,53.8,57.2,55.9,55.6,51.9,51.3,50.4,45.5
964,PC,T,Y15-64,TRB1,38.7,40.2,44.2,45.8,48.4,52.9,46.5,47.2,48.7,52.0,52.0,50.4
965,PC,T,Y15-64,TRB2,34.6,36.1,38.0,43.0,43.4,42.9,44.0,44.6,40.6,43.7,40.1,39.9
966,PC,T,Y15-64,TRC1,38.7,37.1,41.8,38.8,40.8,44.2,42.7,41.9,41.8,42.7,44.0,43.6
967,PC,T,Y15-64,TRC2,28.6,29.3,30.6,31.5,28.3,33.0,36.9,38.1,39.5,43.4,41.2,37.8
968,PC,T,Y15-64,TRC3,26.7,28.5,33.8,31.6,29.2,30.7,30.4,30.9,30.1,30.3,32.6,32.0
969,PC,T,Y15-64,UKC1,66.4,63.9,66.1,63.6,63.8,64.2,66.6,66.6,69.3,71.2,71.9,69.4
970,PC,T,Y15-64,UKC2,67.6,66.4,65.4,65.4,67.9,67.2,70.0,69.2,70.4,71.6,70.2,71.0
971,PC,T,Y15-64,UKD1,75.1,73.3,72.9,72.2,73.2,74.3,75.0,76.9,75.1,78.0,79.2,80.5
972,PC,T,Y15-64,UKD3,68.0,66.8,66.2,66.2,66.3,65.9,68.5,69.6,70.7,72.9,73.0,72.9
973,PC,T,Y15-64,UKD4,70.2,68.5,71.1,69.0,69.3,67.6,69.1,71.9,72.7,74.9,73.5,74.1
974,PC,T,Y15-64,UKD6,73.5,73.6,73.3,72.8,73.4,72.6,75.0,74.4,75.6,75.4,76.8,77.8
975,PC,T,Y15-64,UKD7,63.5,64.3,63.7,64.3,66.0,66.5,65.3,68.9,69.4,68.3,71.2,71.5
976,PC,T,Y15-64,UKE1,71.0,69.1,68.7,68.9,68.3,70.5,71.3,69.8,71.5,72.7,73.1,73.1
977,PC,T,Y15-64,UKE2,77.0,73.5,73.0,72.8,75.3,74.8,75.9,78.4,79.7,76.5,76.8,78.6
978,PC,T,Y15-64,UKE3,66.1,63.4,65.6,65.2,66.6,68.6,70.6,67.9,68.6,70.5,73.2,71.9
979,PC,T,Y15-64,UKE4,69.9,68.8,66.8,65.2,67.0,68.0,69.3,70.3,70.9,71.8,71.6,71.2
980,PC,T,Y15-64,UKF1,72.1,70.6,67.8,68.1,69.7,68.9,70.8,72.6,74.6,73.7,73.1,75.1
981,PC,T,Y15-64,UKF2,72.9,72.8,71.0,72.3,72.1,71.8,74.2,74.5,73.9,73.4,74.4,77.8
982,PC,T,Y15-64,UKF3,73.8,72.0,72.1,73.8,69.2,73.0,73.6,73.0,74.0,75.0,76.0,73.8
983,PC,T,Y15-64,UKG1,75.8,75.0,73.2,72.9,76.5,75.9,75.9,77.7,76.2,77.2,78.4,78.2
984,PC,T,Y15-64,UKG2,73.6,71.8,70.7,70.3,71.2,71.9,72.5,74.4,77.0,75.8,76.7,78.0
985,PC,T,Y15-64,UKG3,63.8,61.5,63.2,62.2,63.1,62.4,64.1,64.3,65.7,66.2,68.6,69.2
986,PC,T,Y15-64,UKH1,75.0,74.6,71.6,73.6,74.7,74.1,75.9,76.3,76.5,76.7,77.3,78.2
987,PC,T,Y15-64,UKH2,75.0,73.7,74.0,73.0,74.1,75.1,77.0,76.9,77.0,77.1,77.3,77.9
988,PC,T,Y15-64,UKH3,72.9,72.4,71.7,73.1,71.6,72.9,72.5,75.6,75.5,75.8,78.3,77.5
989,PC,T,Y15-64,UKI1,67.6,65.6,,,,,,,,,,
990,PC,T,Y15-64,UKI2,70.4,68.3,,,,,,,,,,
991,PC,T,Y15-64,UKI3,,,65.5,66.4,69.3,69.1,72.1,70.8,75.5,71.5,71.9,73.3
992,PC,T,Y15-64,UKI4,,,65.0,63.7,65.4,68.2,69.8,70.9,70.1,72.3,74.2,75.3
993,PC,T,Y15-64,UKI5,,,64.8,66.6,66.9,66.4,69.1,70.6,71.9,72.7,73.9,73.2
994,PC,T,Y15-64,UKI6,,,72.1,70.2,70.7,74.3,75.3,75.2,76.6,77.1,77.6,76.8
995,PC,T,Y15-64,UKI7,,,69.4,67.9,68.2,69.7,71.6,71.8,72.4,73.5,73.4,72.2
996,PC,T,Y15-64,UKJ1,78.0,76.0,75.3,75.5,76.4,77.0,77.1,78.0,79.7,80.7,79.3,80.7
997,PC,T,Y15-64,UKJ2,75.7,74.2,75.1,74.3,74.3,75.4,75.3,75.4,77.1,78.4,76.8,79.0
998,PC,T,Y15-64,UKJ3,76.7,74.7,73.5,73.2,73.2,74.7,75.5,76.8,77.0,77.7,77.8,76.6
999,PC,T,Y15-64,UKJ4,73.4,71.8,71.0,70.2,70.5,70.9,72.9,73.8,75.2,75.9,75.1,77.1
1000,PC,T,Y15-64,UKK1,76.0,75.3,74.5,73.6,74.0,74.0,75.8,77.7,78.3,78.6,79.8,80.0
1001,PC,T,Y15-64,UKK2,76.2,71.4,73.6,71.9,75.5,76.9,76.4,76.9,74.8,76.1,77.3,79.4
1002,PC,T,Y15-64,UKK3,70.3,69.7,68.0,68.9,68.0,68.5,72.8,76.0,76.6,75.8,74.2,76.0
1003,PC,T,Y15-64,UKK4,75.2,72.4,70.7,72.9,72.5,71.0,73.8,75.2,74.6,76.9,77.6,79.0
1004,PC,T,Y15-64,UKL1,66.2,64.1,63.9,65.3,66.4,68.1,67.6,69.2,71.6,71.4,72.4,72.0
1005,PC,T,Y15-64,UKL2,72.4,71.4,70.3,70.7,68.8,70.4,70.0,70.9,72.3,73.8,76.7,76.4
1006,PC,T,Y15-64,UKM2,74.6,71.1,70.2,71.5,70.9,,,,,,,
1007,PC,T,Y15-64,UKM3,69.1,68.1,66.1,67.1,67.2,,,,,,,
1008,PC,T,Y15-64,UKM5,77.9,78.6,77.6,75.7,77.8,75.5,78.7,78.9,78.4,77.4,77.0,77.5
1009,PC,T,Y15-64,UKM6,78.2,77.2,72.0,72.7,68.9,77.4,77.6,76.7,76.4,77.7,76.8,78.0
1010,PC,T,Y15-64,UKM7,,,,,,71.5,73.0,73.6,72.6,74.0,76.1,75.9
1011,PC,T,Y15-64,UKM8,,,,,,68.4,67.8,70.8,71.2,71.4,71.4,70.0
1012,PC,T,Y15-64,UKM9,,,,,,70.9,75.3,73.1,71.1,74.2,73.3,74.0
1013,PC,T,Y15-64,UKN0,66.6,63.9,65.2,66.0,66.0,65.7,66.8,67.1,68.6,67.8,69.1,70.9
