,unit,age,sex,geo,2008,2009,2010,2011,2012,2013,2014,2015,2016,2017,2018,2019
0,PC,Y_GE15,F,AT11,,5.5,,,5.0,,4.9,5.9,5.9,5.8,4.5,
1,PC,Y_GE15,F,AT12,4.3,4.5,3.7,4.5,4.6,5.1,5.0,4.9,4.6,4.2,3.3,4.0
2,PC,Y_GE15,F,AT13,6.8,7.5,7.3,7.4,7.8,8.6,9.0,8.8,9.6,8.9,8.7,8.3
3,PC,Y_GE15,F,AT21,4.3,4.7,4.4,4.5,5.1,5.6,5.9,5.8,5.9,4.8,4.5,4.4
4,PC,Y_GE15,F,AT22,3.9,4.7,4.7,3.6,4.3,4.8,4.9,4.8,5.1,4.1,4.5,3.5
5,PC,Y_GE15,F,AT31,3.2,4.4,3.7,3.5,3.3,4.3,4.3,4.0,4.3,3.7,3.4,2.9
6,PC,Y_GE15,F,AT32,3.1,3.7,3.7,3.2,2.9,2.8,3.3,3.4,2.9,2.8,2.8,2.2
7,PC,Y_GE15,F,AT33,3.0,3.4,3.0,2.8,3.1,3.4,2.8,3.0,3.5,3.9,2.3,2.2
8,PC,Y_GE15,F,AT34,4.9,5.7,4.7,5.0,4.6,3.4,,3.7,3.5,3.5,3.8,3.2
9,PC,Y_GE15,F,BE10,16.6,15.7,17.9,15.4,16.7,17.0,16.1,15.8,16.0,14.7,11.8,12.5
10,PC,Y_GE15,F,BE21,4.6,6.1,5.8,5.5,4.8,6.2,6.2,5.7,5.9,6.6,4.1,3.2
11,PC,Y_GE15,F,BE22,5.4,5.4,5.3,5.2,5.3,5.3,5.2,4.6,5.2,4.6,3.8,3.7
12,PC,Y_GE15,F,BE23,3.9,4.3,4.8,3.9,4.5,4.0,4.2,4.0,4.2,3.6,2.7,2.5
13,PC,Y_GE15,F,BE24,3.9,4.6,5.0,3.8,4.2,5.9,4.8,4.9,4.4,5.1,2.9,3.5
14,PC,Y_GE15,F,BE25,3.3,4.1,4.5,3.1,3.8,3.6,4.1,3.4,3.5,3.5,3.1,3.1
15,PC,Y_GE15,F,BE31,6.8,7.1,9.0,7.2,7.8,7.8,9.2,7.8,8.2,6.6,6.1,5.0
16,PC,Y_GE15,F,BE32,13.6,14.4,15.1,12.9,12.4,12.9,12.3,12.1,11.3,10.9,9.5,7.1
17,PC,Y_GE15,F,BE33,11.6,12.7,11.5,9.6,9.6,12.1,11.3,12.5,10.6,9.5,7.2,5.7
18,PC,Y_GE15,F,BE34,9.3,7.8,8.0,7.6,7.4,8.3,9.6,10.3,8.9,6.4,5.4,4.8
19,PC,Y_GE15,F,BE35,10.3,9.7,10.8,7.9,7.6,10.8,9.2,10.5,9.5,6.4,8.9,5.5
20,PC,Y_GE15,F,BG31,6.5,7.7,9.8,11.3,11.1,11.6,11.5,10.5,10.5,10.4,9.1,9.4
21,PC,Y_GE15,F,BG32,8.4,8.2,10.2,11.5,11.5,13.9,11.7,9.8,8.4,6.0,5.9,4.7
22,PC,Y_GE15,F,BG33,10.2,10.2,14.1,14.5,17.2,16.5,12.2,10.9,10.3,10.7,7.7,6.7
23,PC,Y_GE15,F,BG34,6.0,7.1,10.4,10.7,11.2,13.1,12.2,10.2,7.8,6.8,4.8,3.4
24,PC,Y_GE15,F,BG41,3.0,3.9,6.7,6.2,7.4,8.6,7.6,5.4,4.5,3.2,2.4,2.0
25,PC,Y_GE15,F,BG42,5.2,6.8,10.7,11.9,11.7,12.2,11.4,8.9,6.0,4.7,3.7,2.8
26,PC,Y_GE15,F,CH01,4.9,5.9,7.8,7.8,6.9,7.5,7.7,7.5,7.5,8.2,7.6,7.6
27,PC,Y_GE15,F,CH02,3.9,4.2,4.8,4.3,4.4,4.3,4.8,4.3,4.6,4.9,4.7,3.7
28,PC,Y_GE15,F,CH03,4.0,5.0,4.9,4.1,4.2,4.3,4.1,4.3,5.3,4.4,4.8,4.1
29,PC,Y_GE15,F,CH04,3.5,4.0,5.0,4.0,4.3,4.1,3.7,4.1,4.0,4.2,4.6,4.7
30,PC,Y_GE15,F,CH05,3.6,3.9,4.0,4.5,3.7,4.4,4.1,4.4,4.2,3.5,4.1,3.8
31,PC,Y_GE15,F,CH06,3.0,3.5,3.5,2.6,3.2,3.4,4.3,3.7,3.3,3.9,3.5,2.9
32,PC,Y_GE15,F,CH07,5.8,5.4,6.0,6.5,8.2,8.4,8.0,7.5,7.3,6.8,7.4,7.7
33,PC,Y_GE15,F,CY00,4.2,5.5,6.4,7.6,11.1,15.2,15.1,14.8,13.3,11.3,8.7,8.0
34,PC,Y_GE15,F,CZ01,2.3,3.2,4.1,3.8,3.4,3.1,2.7,3.3,2.0,2.1,1.9,1.5
35,PC,Y_GE15,F,CZ02,3.0,5.2,6.3,6.0,5.7,6.0,6.1,4.2,4.0,2.7,2.7,1.5
36,PC,Y_GE15,F,CZ03,4.3,6.1,6.6,6.4,6.6,6.8,7.4,5.0,3.9,2.6,1.7,1.9
37,PC,Y_GE15,F,CZ04,8.8,12.5,13.5,10.6,12.9,11.6,10.4,8.8,5.6,4.3,3.7,3.7
38,PC,Y_GE15,F,CZ05,5.4,8.8,8.7,7.9,9.2,10.2,8.1,6.3,4.6,3.7,2.5,1.9
39,PC,Y_GE15,F,CZ06,5.4,7.5,8.1,8.8,8.9,8.2,6.9,5.9,4.6,4.2,3.2,2.6
40,PC,Y_GE15,F,CZ07,6.1,8.8,10.6,9.0,9.0,8.8,8.4,6.7,4.1,3.4,2.4,2.4
41,PC,Y_GE15,F,CZ08,10.3,10.9,10.9,11.2,10.8,12.1,10.2,9.3,8.8,5.7,4.3,4.0
42,PC,Y_GE15,F,DE11,5.0,5.6,5.2,3.8,3.7,3.7,2.9,3.3,3.1,2.9,2.0,2.0
43,PC,Y_GE15,F,DE12,5.2,5.3,5.2,4.2,3.8,3.4,3.1,3.2,3.3,3.3,2.9,2.8
44,PC,Y_GE15,F,DE13,4.4,4.2,4.0,2.9,2.7,2.9,3.0,2.2,3.0,2.7,2.2,1.9
45,PC,Y_GE15,F,DE14,4.6,5.1,4.3,3.4,3.0,3.2,2.5,2.8,2.5,2.0,1.8,1.6
46,PC,Y_GE15,F,DE21,3.5,4.0,3.3,2.9,2.8,2.5,2.4,2.4,2.4,2.0,1.9,1.8
47,PC,Y_GE15,F,DE22,5.3,5.1,3.7,3.1,3.3,3.5,3.0,2.6,1.8,1.7,1.9,1.7
48,PC,Y_GE15,F,DE23,4.3,5.1,4.1,3.0,3.4,3.7,2.3,2.7,2.9,2.0,2.0,2.1
49,PC,Y_GE15,F,DE24,6.9,6.8,6.3,4.1,2.8,3.6,3.9,3.7,2.9,2.8,2.4,1.9
50,PC,Y_GE15,F,DE25,5.5,6.7,5.4,4.0,3.8,3.1,3.3,3.1,2.2,2.2,1.6,2.1
51,PC,Y_GE15,F,DE26,5.2,6.0,5.2,3.9,4.1,3.5,3.5,3.1,2.4,2.1,2.1,2.1
52,PC,Y_GE15,F,DE27,4.9,4.7,4.8,4.0,3.7,3.6,3.3,3.2,3.0,3.2,2.7,2.1
53,PC,Y_GE15,F,DE30,13.5,11.6,11.3,10.5,9.2,9.1,8.5,8.1,7.0,6.4,5.5,4.8
54,PC,Y_GE15,F,DE40,11.3,10.3,9.1,8.0,8.0,6.6,6.6,5.5,3.6,3.6,3.1,2.6
55,PC,Y_GE15,F,DE50,7.6,7.0,5.9,6.5,5.6,6.9,5.7,4.9,4.6,3.3,,
56,PC,Y_GE15,F,DE60,6.5,5.8,6.4,5.0,4.8,4.0,4.7,3.9,3.6,3.8,3.6,3.2
57,PC,Y_GE15,F,DE71,6.3,6.1,5.4,4.6,4.5,3.7,4.2,4.0,3.7,2.8,2.6,2.9
58,PC,Y_GE15,F,DE72,6.6,6.5,5.9,5.5,5.3,4.6,4.2,3.4,3.9,2.9,3.0,2.6
59,PC,Y_GE15,F,DE73,7.5,6.3,6.3,4.7,3.7,4.2,4.3,2.7,3.7,2.3,1.8,2.3
60,PC,Y_GE15,F,DE80,14.6,13.0,10.7,9.8,10.2,8.9,8.6,7.5,5.8,4.7,4.0,3.5
61,PC,Y_GE15,F,DE91,8.9,8.1,6.9,6.3,4.8,5.1,4.7,4.1,4.0,3.7,3.6,3.0
62,PC,Y_GE15,F,DE92,6.8,7.0,6.2,6.2,5.1,5.3,4.7,4.2,3.6,4.0,3.5,2.5
63,PC,Y_GE15,F,DE93,6.3,5.4,5.9,5.7,4.6,3.9,3.6,3.1,3.2,3.0,2.5,2.1
64,PC,Y_GE15,F,DE94,6.6,5.8,5.0,4.2,3.9,3.8,3.6,4.1,3.0,2.6,2.3,2.7
65,PC,Y_GE15,F,DEA1,7.1,6.8,6.5,5.7,5.7,5.3,5.7,5.1,3.9,3.4,3.4,3.1
66,PC,Y_GE15,F,DEA2,6.9,6.6,6.6,5.4,4.7,5.1,4.7,4.2,3.3,3.0,2.7,2.7
67,PC,Y_GE15,F,DEA3,6.1,6.5,5.8,4.6,4.4,4.7,4.1,3.9,3.7,3.1,2.7,2.7
68,PC,Y_GE15,F,DEA4,7.5,7.0,6.1,5.4,4.6,4.8,4.8,4.2,3.4,3.3,3.1,2.6
69,PC,Y_GE15,F,DEA5,8.8,8.4,6.9,6.1,6.1,5.7,5.1,4.8,4.3,3.8,3.2,3.3
70,PC,Y_GE15,F,DEB1,6.6,6.5,5.1,4.7,3.9,3.8,3.8,3.5,3.1,2.7,2.6,1.8
71,PC,Y_GE15,F,DEB2,5.3,4.4,,4.4,,,,,,,,
72,PC,Y_GE15,F,DEB3,5.5,5.5,5.8,5.3,4.6,4.3,3.7,3.5,3.6,3.4,2.7,2.9
73,PC,Y_GE15,F,DEC0,6.9,8.4,6.1,5.4,6.3,5.4,5.5,4.4,4.1,3.5,3.1,3.1
74,PC,Y_GE15,F,DED2,11.7,11.5,9.7,7.9,7.5,6.9,7.2,5.4,4.2,4.1,3.7,3.4
75,PC,Y_GE15,F,DED4,13.6,13.0,11.2,8.9,8.2,8.2,6.5,5.1,4.6,4.5,2.9,3.2
76,PC,Y_GE15,F,DED5,13.1,12.4,11.2,11.0,8.9,8.6,7.4,6.7,5.7,4.6,4.3,4.4
77,PC,Y_GE15,F,DEE0,15.5,13.4,10.8,10.1,9.7,9.2,8.4,7.6,7.2,6.2,4.6,4.2
78,PC,Y_GE15,F,DEF0,6.8,7.0,5.7,5.0,4.4,4.4,4.2,3.4,3.5,2.8,2.6,2.3
79,PC,Y_GE15,F,DEG0,12.0,10.6,8.9,7.4,7.7,6.3,6.0,5.8,5.0,4.2,4.1,3.4
80,PC,Y_GE15,F,DK01,3.8,5.8,7.4,8.3,8.4,8.0,7.6,6.9,6.5,6.3,5.6,5.2
81,PC,Y_GE15,F,DK02,3.9,4.7,5.8,7.0,6.2,7.4,6.6,6.5,6.6,5.6,5.1,5.3
82,PC,Y_GE15,F,DK03,4.0,5.7,6.7,7.4,8.3,8.3,7.1,6.3,6.6,6.1,5.2,4.8
83,PC,Y_GE15,F,DK04,4.2,5.5,6.6,7.1,7.1,7.0,6.9,6.1,5.6,6.0,4.9,5.1
84,PC,Y_GE15,F,DK05,5.0,6.9,6.6,7.7,8.4,7.0,6.9,6.7,7.2,5.8,5.9,6.7
85,PC,Y_GE15,F,EE00,5.1,10.3,14.1,11.6,9.1,8.2,6.8,6.1,6.1,5.3,5.3,4.8
86,PC,Y_GE15,F,EL30,8.8,11.3,14.6,19.9,27.4,30.7,29.5,27.4,26.2,24.8,24.9,20.1
87,PC,Y_GE15,F,EL41,9.7,12.4,14.4,17.8,28.5,27.3,28.1,25.1,26.1,28.2,28.3,23.7
88,PC,Y_GE15,F,EL42,12.9,17.6,21.9,18.7,20.6,26.3,21.2,16.3,21.7,19.2,21.1,18.1
89,PC,Y_GE15,F,EL43,10.2,12.4,15.2,19.3,27.1,29.7,27.9,28.9,27.6,21.4,17.2,14.6
90,PC,Y_GE15,F,EL51,14.5,15.8,18.2,23.4,25.1,28.5,27.7,27.7,27.6,24.9,18.9,20.3
91,PC,Y_GE15,F,EL52,13.0,14.3,18.4,24.8,30.3,35.1,33.2,30.1,28.4,28.2,25.8,24.3
92,PC,Y_GE15,F,EL53,19.1,16.8,19.6,28.8,36.4,37.8,34.6,39.6,40.4,37.2,32.9,32.9
93,PC,Y_GE15,F,EL54,16.4,16.3,17.6,20.9,26.8,31.5,30.1,28.9,29.1,29.4,22.2,18.6
94,PC,Y_GE15,F,EL61,12.2,13.0,16.9,23.0,30.5,31.8,31.9,32.9,30.4,26.0,23.2,23.5
95,PC,Y_GE15,F,EL62,12.2,14.1,19.0,18.3,19.9,24.7,27.9,24.4,17.4,21.4,19.8,16.4
96,PC,Y_GE15,F,EL63,15.9,15.5,16.8,22.8,30.4,34.7,34.3,34.1,38.5,35.4,31.6,30.6
97,PC,Y_GE15,F,EL64,14.2,16.7,18.1,26.3,36.0,32.7,30.8,32.4,33.8,26.7,25.6,25.5
98,PC,Y_GE15,F,EL65,11.1,12.9,14.0,17.0,24.7,26.9,28.6,27.4,23.7,21.5,19.0,15.5
99,PC,Y_GE15,F,ES11,10.2,13.4,16.2,18.1,20.2,21.7,21.7,20.0,17.8,16.4,14.4,12.8
100,PC,Y_GE15,F,ES12,10.6,14.3,16.8,17.3,21.8,24.4,22.2,18.6,16.3,13.9,14.9,15.1
101,PC,Y_GE15,F,ES13,8.8,12.6,15.0,14.3,17.4,20.8,18.7,19.0,15.5,13.9,12.4,11.0
102,PC,Y_GE15,F,ES21,7.8,11.6,11.2,13.0,15.7,16.5,16.1,14.7,13.1,12.2,9.8,9.4
103,PC,Y_GE15,F,ES22,8.4,11.9,12.4,13.5,15.5,18.9,16.0,15.2,14.3,13.2,11.1,9.2
104,PC,Y_GE15,F,ES23,9.9,12.7,15.9,17.9,22.5,21.0,21.2,16.9,15.1,14.9,11.9,9.8
105,PC,Y_GE15,F,ES24,8.2,12.6,15.9,17.3,19.8,22.7,22.5,19.9,17.8,14.8,12.2,11.5
106,PC,Y_GE15,F,ES30,9.5,13.8,16.1,16.3,17.9,20.3,19.6,17.3,16.5,13.9,12.9,11.5
107,PC,Y_GE15,F,ES41,13.4,16.5,17.9,18.4,22.1,23.7,22.7,21.1,17.9,16.6,14.2,13.6
108,PC,Y_GE15,F,ES42,15.3,21.4,24.2,26.1,32.3,33.3,32.9,31.3,28.2,26.0,24.1,21.3
109,PC,Y_GE15,F,ES43,21.7,25.0,26.3,27.9,36.0,35.9,33.2,33.5,32.4,30.7,29.1,27.7
110,PC,Y_GE15,F,ES51,8.7,15.0,16.5,18.4,21.7,22.4,20.0,19.4,16.9,14.4,12.1,11.5
111,PC,Y_GE15,F,ES52,13.4,20.5,22.8,24.3,27.0,29.2,26.8,23.8,22.6,20.2,17.5,16.9
112,PC,Y_GE15,F,ES53,10.8,16.2,19.3,21.3,24.1,21.9,18.4,17.3,14.4,12.5,10.9,13.4
113,PC,Y_GE15,F,ES61,21.2,26.8,29.2,32.0,35.5,38.0,37.3,34.5,32.1,28.6,26.9,25.2
114,PC,Y_GE15,F,ES62,13.1,18.5,22.4,25.0,27.4,29.5,29.1,28.4,23.0,21.6,21.0,18.2
115,PC,Y_GE15,F,ES63,26.0,27.4,28.4,36.9,48.0,43.8,36.4,36.5,32.0,29.6,36.3,29.7
116,PC,Y_GE15,F,ES64,28.6,32.1,30.3,27.3,33.4,31.7,35.4,40.1,37.7,37.5,31.6,32.7
117,PC,Y_GE15,F,ES70,18.8,26.5,27.9,29.1,33.3,33.0,33.1,30.6,28.0,26.0,21.4,21.9
118,PC,Y_GE15,F,FI19,7.2,8.4,7.9,7.9,7.7,7.6,8.0,9.4,9.3,8.9,7.6,5.6
119,PC,Y_GE15,F,FI1B,4.6,5.3,6.0,5.4,6.0,6.2,6.5,7.5,7.2,7.8,6.6,6.3
120,PC,Y_GE15,F,FI1C,7.0,8.0,8.4,7.6,6.5,7.9,9.2,9.2,8.9,8.0,7.4,6.2
121,PC,Y_GE15,F,FI1D,8.9,9.7,9.1,8.4,8.5,9.1,9.1,10.1,9.7,9.2,8.0,6.8
122,PC,Y_GE15,F,FI20,,,,,,,,,,,,
123,PC,Y_GE15,F,FR10,6.1,7.3,8.5,7.9,7.6,8.2,9.1,8.4,8.9,8.7,8.4,7.6
124,PC,Y_GE15,F,FRB0,6.2,6.7,6.7,8.7,10.7,10.0,9.8,10.4,10.3,8.3,8.2,8.6
125,PC,Y_GE15,F,FRC1,6.4,7.8,9.1,9.6,8.6,10.9,9.8,8.8,8.3,10.3,8.3,7.5
126,PC,Y_GE15,F,FRC2,9.4,8.6,8.1,8.7,9.1,8.6,8.7,8.7,8.0,6.7,7.5,9.1
127,PC,Y_GE15,F,FRD1,8.0,7.4,8.0,9.1,8.9,8.5,8.2,8.5,8.6,8.3,8.3,7.3
128,PC,Y_GE15,F,FRD2,9.8,10.9,10.5,9.7,9.9,11.4,12.4,9.7,10.8,10.6,8.4,11.2
129,PC,Y_GE15,F,FRE1,11.5,12.9,12.8,13.0,12.4,14.3,12.6,13.1,12.5,11.6,11.4,10.3
130,PC,Y_GE15,F,FRE2,7.9,9.9,11.5,9.5,10.9,12.1,11.8,11.5,11.4,10.3,7.9,9.3
131,PC,Y_GE15,F,FRF1,7.1,8.4,8.9,8.2,7.9,10.3,11.3,8.9,9.6,8.4,7.9,6.5
132,PC,Y_GE15,F,FRF2,8.8,9.7,9.2,10.3,10.6,10.9,11.0,11.3,11.2,9.6,9.4,9.2
133,PC,Y_GE15,F,FRF3,8.9,10.7,9.6,10.2,10.9,12.1,11.8,11.3,10.6,10.4,10.4,8.6
134,PC,Y_GE15,F,FRG0,6.8,8.7,9.3,9.0,9.1,9.2,8.7,8.9,9.0,7.1,8.6,7.9
135,PC,Y_GE15,F,FRH0,5.5,6.8,7.7,7.1,8.1,8.5,7.4,7.1,9.5,7.7,6.9,6.4
136,PC,Y_GE15,F,FRI1,8.3,9.0,9.2,8.9,9.6,8.8,8.0,9.7,10.1,9.8,9.2,9.0
137,PC,Y_GE15,F,FRI2,6.1,6.4,6.2,7.5,7.3,6.7,8.8,8.0,6.9,5.1,7.0,7.7
138,PC,Y_GE15,F,FRI3,7.4,8.8,6.4,7.7,9.0,10.5,11.3,8.9,8.6,10.4,9.6,8.8
139,PC,Y_GE15,F,FRJ1,9.5,12.7,11.7,12.1,14.9,13.1,12.5,12.2,11.4,12.4,11.9,10.5
140,PC,Y_GE15,F,FRJ2,6.9,9.8,7.8,8.6,8.7,8.1,9.0,8.2,8.5,7.7,9.5,7.4
141,PC,Y_GE15,F,FRK1,7.4,7.8,7.5,9.0,10.5,9.9,7.3,8.0,7.3,8.4,8.4,5.7
142,PC,Y_GE15,F,FRK2,6.8,8.5,8.7,8.6,8.1,8.4,8.4,9.0,8.1,7.5,7.3,7.3
143,PC,Y_GE15,F,FRL0,7.8,9.0,10.2,10.5,10.2,11.0,9.5,11.1,10.4,9.9,8.9,7.7
144,PC,Y_GE15,F,FRM0,,,,,,15.3,14.1,16.5,9.8,13.5,,
145,PC,Y_GE15,F,FRY1,25.5,26.3,26.0,25.8,25.2,28.3,25.6,25.7,25.0,23.0,23.9,22.2
146,PC,Y_GE15,F,FRY2,24.2,23.0,22.2,22.5,22.6,22.8,19.7,16.7,17.2,19.6,16.8,12.9
147,PC,Y_GE15,F,FRY3,28.8,25.9,24.9,25.5,26.1,26.3,28.3,26.5,24.8,23.8,20.3,20.0
148,PC,Y_GE15,F,FRY4,26.4,29.0,30.0,31.8,30.5,29.7,25.9,24.6,22.0,22.6,24.4,21.7
149,PC,Y_GE15,F,FRY5,,,,,,26.1,30.2,32.0,35.6,33.5,41.8,35.3
150,PC,Y_GE15,F,HR03,11.4,12.0,12.4,13.3,14.0,13.9,17.7,17.0,14.1,11.8,9.8,7.5
151,PC,Y_GE15,F,HR04,9.9,10.1,12.3,13.9,16.9,18.1,18.6,16.9,13.6,11.9,9.1,7.0
152,PC,Y_GE15,F,HU10,5.2,5.9,8.3,8.6,8.2,,,,,,,
153,PC,Y_GE15,F,HU11,,,,,,8.2,7.0,5.5,3.7,3.1,3.5,2.9
154,PC,Y_GE15,F,HU12,,,,,,7.9,6.2,5.2,3.5,2.9,2.2,2.5
155,PC,Y_GE15,F,HU21,6.1,9.6,10.9,10.3,10.3,9.3,5.7,5.0,3.2,2.5,2.3,2.0
156,PC,Y_GE15,F,HU22,6.2,9.2,8.6,7.8,7.2,7.9,5.1,4.2,3.1,3.1,2.9,2.1
157,PC,Y_GE15,F,HU23,9.4,11.0,11.3,13.4,12.5,9.0,7.1,8.5,5.8,6.5,5.8,4.5
158,PC,Y_GE15,F,HU31,12.3,13.9,14.5,16.2,15.3,12.6,10.3,8.8,6.5,6.3,4.9,4.5
159,PC,Y_GE15,F,HU32,12.4,13.9,14.0,14.4,14.4,15.1,12.3,11.0,9.0,8.0,6.7,6.1
160,PC,Y_GE15,F,HU33,8.8,10.9,10.7,10.2,10.3,11.0,8.7,8.3,6.0,4.7,3.7,3.4
161,PC,Y_GE15,F,IE01,6.6,10.0,11.3,13.1,,,,,,,,
162,PC,Y_GE15,F,IE02,5.4,9.3,11.4,12.3,,,,,,,,
163,PC,Y_GE15,F,IE04,,,,,13.2,12.6,10.6,8.7,7.5,5.5,5.4,4.5
164,PC,Y_GE15,F,IE05,,,,,13.8,12.9,11.6,9.5,7.9,6.5,5.9,5.1
165,PC,Y_GE15,F,IE06,,,,,11.9,12.0,10.5,8.6,7.5,6.4,5.6,4.5
166,PC,Y_GE15,F,IS00,2.6,5.7,6.7,6.2,5.7,5.1,4.8,4.1,3.0,2.7,2.5,3.1
167,PC,Y_GE15,F,ITC1,6.4,7.8,8.3,8.5,10.5,11.0,12.1,10.5,10.0,10.2,9.0,9.2
168,PC,Y_GE15,F,ITC2,,,,,6.9,8.1,8.4,8.1,8.5,7.7,7.3,7.2
169,PC,Y_GE15,F,ITC3,7.1,7.1,7.5,7.2,10.2,10.9,11.7,9.5,11.5,11.6,12.2,12.3
170,PC,Y_GE15,F,ITC4,4.8,6.3,6.5,6.6,8.4,8.7,8.8,8.7,8.6,7.7,7.1,6.8
171,PC,Y_GE15,F,ITF1,8.8,10.2,11.3,10.5,13.0,11.6,14.8,15.5,15.2,15.3,14.7,13.5
172,PC,Y_GE15,F,ITF2,12.5,11.0,9.5,11.6,14.4,15.5,15.3,14.7,14.0,14.3,15.1,14.7
173,PC,Y_GE15,F,ITF3,16.7,16.0,17.2,18.9,22.3,23.7,25.3,23.0,23.6,24.0,23.4,22.8
174,PC,Y_GE15,F,ITF4,16.0,16.2,16.3,16.9,18.7,23.2,25.4,21.8,22.7,22.2,18.8,17.6
175,PC,Y_GE15,F,ITF5,15.0,13.9,15.6,13.1,14.4,14.7,16.1,15.8,15.3,14.9,14.3,12.9
176,PC,Y_GE15,F,ITF6,15.6,13.7,13.8,13.4,21.3,23.7,26.5,23.7,26.3,24.2,24.8,22.4
177,PC,Y_GE15,F,ITG1,17.1,16.4,17.1,17.0,20.5,22.9,24.1,22.7,24.0,23.4,24.3,22.5
178,PC,Y_GE15,F,ITG2,15.8,16.0,14.6,14.6,15.8,16.9,19.0,18.2,17.8,17.1,15.0,15.1
179,PC,Y_GE15,F,ITH1,3.0,3.4,3.2,3.8,4.8,5.0,4.3,4.2,4.1,3.9,3.0,3.2
180,PC,Y_GE15,F,ITH2,4.5,4.6,5.2,5.0,6.8,7.9,8.0,7.3,7.1,5.7,5.4,6.2
181,PC,Y_GE15,F,ITH3,5.1,6.3,7.4,6.3,7.7,9.6,9.8,8.8,8.3,7.9,7.8,7.4
182,PC,Y_GE15,F,ITH4,6.4,6.3,6.6,6.5,8.1,9.2,8.9,9.7,9.5,8.1,8.1,7.9
183,PC,Y_GE15,F,ITH5,4.2,5.5,6.9,6.3,7.8,9.6,9.5,9.1,8.0,8.0,7.3,6.6
184,PC,Y_GE15,F,ITI1,7.2,7.8,7.6,7.7,9.5,10.1,11.8,9.7,10.8,9.4,8.5,7.7
185,PC,Y_GE15,F,ITI2,6.8,9.1,8.5,8.1,11.2,11.5,12.6,12.2,10.6,11.8,11.0,10.0
186,PC,Y_GE15,F,ITI3,5.7,7.3,6.8,8.5,10.6,12.5,11.9,11.1,11.7,12.4,9.7,10.7
187,PC,Y_GE15,F,ITI4,9.6,10.6,10.4,9.7,11.9,13.2,13.2,12.3,11.6,11.6,11.9,10.4
188,PC,Y_GE15,F,LT00,5.6,10.5,14.5,12.9,11.6,,,,,,,
189,PC,Y_GE15,F,LT01,,,,,,8.0,6.5,6.0,4.8,3.6,3.9,3.6
190,PC,Y_GE15,F,LT02,,,,,,11.6,10.4,9.1,7.5,6.6,6.1,6.3
191,PC,Y_GE15,F,LU00,6.0,6.1,5.1,6.3,5.9,6.4,5.8,7.3,6.6,5.5,5.9,5.5
192,PC,Y_GE15,F,LV00,7.1,14.1,16.3,13.8,14.0,11.1,9.8,8.6,8.4,7.7,6.4,5.4
193,PC,Y_GE15,F,ME00,,,,20.1,20.2,18.8,18.2,17.3,17.1,16.9,15.1,15.7
194,PC,Y_GE15,F,MK00,34.2,32.8,32.2,30.8,30.3,29.0,28.6,25.1,22.7,21.8,19.9,18.4
195,PC,Y_GE15,F,MT00,6.8,7.6,7.1,7.1,7.2,6.1,5.1,5.4,5.2,4.3,3.5,4.0
196,PC,Y_GE15,F,NL11,7.5,7.6,6.9,7.0,8.0,8.2,7.8,7.9,7.7,7.4,5.4,4.5
197,PC,Y_GE15,F,NL12,4.5,5.3,6.0,5.8,6.2,8.7,7.7,7.6,6.2,6.2,5.2,3.7
198,PC,Y_GE15,F,NL13,5.2,4.8,5.4,6.4,7.5,7.2,7.4,7.5,7.7,5.8,4.2,2.9
199,PC,Y_GE15,F,NL21,4.5,4.5,5.6,5.5,5.9,7.1,7.1,7.1,7.1,5.6,4.1,3.2
200,PC,Y_GE15,F,NL22,4.2,4.4,5.1,4.9,6.0,6.3,7.0,6.7,6.1,5.0,3.5,3.2
201,PC,Y_GE15,F,NL23,5.0,5.1,6.2,5.9,7.9,11.4,12.2,9.2,8.4,6.3,5.4,3.8
202,PC,Y_GE15,F,NL31,3.5,4.5,4.7,4.7,5.9,6.2,6.4,6.9,5.1,4.8,3.5,2.8
203,PC,Y_GE15,F,NL32,4.3,4.7,5.2,5.3,5.7,7.1,7.4,6.5,6.0,4.6,3.7,2.9
204,PC,Y_GE15,F,NL33,4.7,5.4,6.1,5.7,7.2,8.2,9.2,8.6,7.5,6.0,4.3,4.2
205,PC,Y_GE15,F,NL34,3.1,2.9,3.7,4.0,4.3,4.9,4.4,5.3,4.8,3.2,3.4,2.8
206,PC,Y_GE15,F,NL41,4.1,4.6,5.4,5.3,5.7,6.8,7.6,7.2,6.1,4.5,3.6,3.2
207,PC,Y_GE15,F,NL42,5.2,5.4,6.1,5.6,5.4,7.4,7.7,6.3,6.3,5.2,3.6,2.8
208,PC,Y_GE15,F,NO01,2.6,3.0,3.3,3.0,2.4,3.9,3.5,4.6,4.1,4.1,4.1,3.9
209,PC,Y_GE15,F,NO02,2.4,2.1,1.9,2.4,2.2,2.8,2.4,4.1,3.3,,,
210,PC,Y_GE15,F,NO03,2.5,2.5,3.3,3.5,3.2,3.5,3.7,4.2,4.7,3.8,3.2,3.1
211,PC,Y_GE15,F,NO04,1.7,1.7,2.0,2.3,2.8,2.9,2.7,4.2,4.6,4.6,4.1,3.7
212,PC,Y_GE15,F,NO05,2.0,2.3,3.0,3.1,2.5,2.9,3.0,3.7,3.5,3.1,3.4,3.1
213,PC,Y_GE15,F,NO06,3.6,3.4,3.3,3.5,2.6,2.5,3.5,3.5,3.8,,,
214,PC,Y_GE15,F,NO07,2.1,3.4,3.3,2.8,2.4,3.0,3.4,2.4,2.2,,,
215,PC,Y_GE15,F,PL21,7.2,8.3,9.8,10.2,11.7,11.6,9.8,7.4,5.6,3.4,2.9,3.2
216,PC,Y_GE15,F,PL22,7.5,7.8,10.5,10.9,10.7,11.1,9.4,7.4,5.6,4.0,3.4,2.9
217,PC,Y_GE15,F,PL41,8.0,9.5,10.1,10.5,10.9,11.4,9.4,6.7,5.3,3.2,2.4,3.1
218,PC,Y_GE15,F,PL42,10.2,10.8,11.5,11.7,10.6,9.5,7.9,7.5,7.3,4.3,4.0,3.7
219,PC,Y_GE15,F,PL43,7.3,9.3,10.8,9.8,9.9,10.7,9.2,6.6,5.0,3.5,,
220,PC,Y_GE15,F,PL51,10.3,10.3,11.4,10.5,11.6,12.2,9.5,7.3,5.7,5.5,3.5,3.5
221,PC,Y_GE15,F,PL52,7.3,10.7,10.5,10.4,10.5,10.5,9.0,7.3,5.4,5.0,3.8,3.6
222,PC,Y_GE15,F,PL61,10.2,10.6,11.8,13.0,13.8,14.3,12.5,8.9,7.8,5.3,4.7,5.0
223,PC,Y_GE15,F,PL62,9.0,10.0,10.7,11.6,12.3,12.3,10.0,10.5,8.8,7.9,5.5,4.3
224,PC,Y_GE15,F,PL63,6.7,6.8,9.5,9.1,10.6,10.2,8.5,6.2,6.1,4.4,3.0,3.4
225,PC,Y_GE15,F,PL71,7.5,8.1,9.6,9.7,11.3,11.7,9.2,7.7,5.5,4.3,4.4,3.6
226,PC,Y_GE15,F,PL72,8.8,10.0,11.9,13.9,13.7,13.5,10.6,9.8,8.8,6.7,5.3,3.8
227,PC,Y_GE15,F,PL81,8.8,9.2,9.4,10.1,10.4,10.6,10.6,9.5,7.5,6.7,6.5,5.6
228,PC,Y_GE15,F,PL82,9.0,11.0,12.2,13.6,14.0,14.5,14.6,12.4,9.4,9.2,6.9,6.1
229,PC,Y_GE15,F,PL84,6.6,7.1,9.5,9.5,9.7,10.1,9.6,6.8,6.8,5.3,3.7,3.4
230,PC,Y_GE15,F,PL91,,,,,,6.0,6.1,4.9,3.8,3.3,1.9,1.6
231,PC,Y_GE15,F,PL92,,,,,,11.3,10.0,7.9,6.9,6.7,5.2,5.0
232,PC,Y_GE15,F,PT11,9.9,12.2,14.7,14.4,16.8,18.0,16.1,14.3,12.6,10.7,7.8,7.5
233,PC,Y_GE15,F,PT15,9.0,11.6,13.6,14.8,16.9,15.8,14.0,11.6,8.4,6.9,6.1,7.1
234,PC,Y_GE15,F,PT16,6.9,7.1,8.5,10.9,12.7,11.8,11.0,9.8,8.9,7.4,6.3,5.6
235,PC,Y_GE15,F,PT17,8.4,9.9,11.4,12.9,15.8,17.9,14.7,13.0,11.2,9.7,7.8,7.9
236,PC,Y_GE15,F,PT18,11.6,11.9,13.5,13.4,16.7,18.1,14.3,14.4,13.1,8.9,7.5,7.1
237,PC,Y_GE15,F,PT20,,,,10.8,13.5,13.7,16.5,10.8,9.8,8.2,9.0,8.5
238,PC,Y_GE15,F,PT30,,,,12.0,14.8,16.6,14.1,14.0,11.9,10.5,8.3,7.1
239,PC,Y_GE15,F,RO11,2.8,5.1,6.1,4.9,4.4,4.2,3.9,4.5,3.5,3.2,2.7,2.9
240,PC,Y_GE15,F,RO12,7.0,8.8,9.7,10.1,9.1,8.8,9.4,6.9,4.1,3.1,2.9,3.8
241,PC,Y_GE15,F,RO21,3.5,5.0,5.0,4.3,3.4,3.9,3.3,3.3,2.8,2.3,2.3,2.2
242,PC,Y_GE15,F,RO22,6.1,6.7,7.5,8.7,8.4,8.1,9.4,8.2,6.5,5.2,5.5,6.4
243,PC,Y_GE15,F,RO31,6.5,8.0,7.4,9.8,9.1,8.8,8.1,9.3,9.1,6.3,5.4,4.8
244,PC,Y_GE15,F,RO32,2.5,3.6,4.1,5.3,5.9,7.2,7.0,4.2,3.8,3.2,3.0,1.7
245,PC,Y_GE15,F,RO41,4.6,4.7,4.9,4.3,4.0,4.9,4.7,6.7,7.3,6.9,4.5,4.0
246,PC,Y_GE15,F,RO42,4.5,4.5,5.5,5.2,5.5,5.4,4.1,5.0,3.6,2.8,,2.4
247,PC,Y_GE15,F,RS11,,,,,,18.0,17.3,19.2,15.4,13.0,11.6,9.3
248,PC,Y_GE15,F,RS12,,,,,,25.3,19.3,16.5,15.9,12.9,11.4,9.5
249,PC,Y_GE15,F,RS21,,,,,,25.1,20.7,18.6,16.1,15.0,15.3,12.3
250,PC,Y_GE15,F,RS22,,,,,,26.4,25.0,21.1,17.4,16.7,17.0,13.8
251,PC,Y_GE15,F,SE11,5.3,6.5,7.5,6.7,6.8,6.9,7.2,7.3,6.7,6.5,5.4,6.0
252,PC,Y_GE15,F,SE12,7.8,9.4,10.0,8.6,8.4,8.7,8.3,7.8,7.4,7.4,7.6,7.3
253,PC,Y_GE15,F,SE21,5.4,7.1,7.8,7.3,7.5,7.0,6.4,5.7,6.3,5.5,6.3,7.4
254,PC,Y_GE15,F,SE22,8.3,8.6,8.8,9.1,9.2,9.5,9.2,9.1,7.1,7.4,7.8,9.1
255,PC,Y_GE15,F,SE23,6.0,8.3,8.3,7.3,7.2,7.9,7.6,6.6,5.8,5.7,5.5,6.4
256,PC,Y_GE15,F,SE31,7.5,9.0,9.0,8.5,8.4,9.0,8.3,7.0,6.7,6.5,6.0,7.1
257,PC,Y_GE15,F,SE32,6.9,7.4,10.0,8.1,7.0,6.3,7.2,7.2,6.7,5.7,5.5,5.4
258,PC,Y_GE15,F,SE33,5.9,7.9,8.3,6.9,6.8,6.0,6.4,6.4,5.0,4.8,5.6,6.7
259,PC,Y_GE15,F,SI01,6.2,7.4,,,,,,,,,,
260,PC,Y_GE15,F,SI02,3.3,4.0,,,,,,,,,,
261,PC,Y_GE15,F,SI03,,,8.0,9.6,10.6,12.4,12.5,11.9,10.2,8.2,5.9,5.7
262,PC,Y_GE15,F,SI04,,,5.9,6.5,8.0,9.2,8.4,8.0,6.8,6.6,5.4,4.1
263,PC,Y_GE15,F,SK01,3.4,3.8,5.1,5.0,5.8,6.5,6.4,6.2,6.6,3.5,2.0,2.2
264,PC,Y_GE15,F,SK02,8.5,11.5,13.9,11.9,13.0,13.2,11.6,11.4,8.8,6.2,4.8,4.2
265,PC,Y_GE15,F,SK03,14.1,15.4,16.8,15.3,15.5,16.0,16.1,13.9,11.0,9.7,7.6,6.1
266,PC,Y_GE15,F,SK04,15.3,17.0,18.3,18.6,19.9,18.6,17.3,17.0,15.1,12.6,11.8,9.8
267,PC,Y_GE15,F,TR10,11.9,18.9,16.5,14.5,13.6,13.9,15.6,17.0,17.2,18.4,15.4,18.8
268,PC,Y_GE15,F,TR21,13.0,15.5,10.7,12.6,9.9,9.6,11.4,11.1,11.9,13.1,12.5,15.8
269,PC,Y_GE15,F,TR22,7.4,8.2,6.2,5.1,5.8,6.7,6.4,6.6,10.0,9.1,8.7,11.4
270,PC,Y_GE15,F,TR31,13.2,16.9,18.0,19.7,18.8,20.8,19.9,20.4,19.0,18.7,19.1,20.9
271,PC,Y_GE15,F,TR32,11.1,16.3,12.3,8.9,7.9,7.5,8.0,8.1,8.6,9.5,9.6,11.4
272,PC,Y_GE15,F,TR33,6.6,8.5,6.6,4.4,3.9,6.1,5.2,4.5,7.5,8.4,9.0,11.7
273,PC,Y_GE15,F,TR41,12.2,15.0,10.5,9.3,9.6,8.7,8.8,10.3,11.8,12.3,13.0,13.7
274,PC,Y_GE15,F,TR42,12.1,15.1,13.7,13.4,11.6,12.4,13.6,13.6,14.8,14.9,14.1,16.6
275,PC,Y_GE15,F,TR51,14.9,14.6,14.1,10.8,12.1,14.6,16.9,17.3,16.4,15.4,14.6,19.8
276,PC,Y_GE15,F,TR52,11.9,9.5,7.8,6.8,6.5,4.4,7.2,9.3,8.9,6.8,7.2,9.4
277,PC,Y_GE15,F,TR61,9.9,11.6,11.1,10.7,9.2,9.0,11.4,12.7,15.7,15.7,15.9,16.5
278,PC,Y_GE15,F,TR62,17.7,23.2,17.0,11.6,11.2,15.0,13.9,13.5,13.0,14.4,14.2,14.7
279,PC,Y_GE15,F,TR63,12.5,11.4,9.4,8.6,7.7,10.0,18.1,22.1,19.8,15.4,18.5,22.3
280,PC,Y_GE15,F,TR71,5.6,8.7,7.5,6.9,5.5,5.9,7.0,13.4,19.9,18.4,16.3,17.0
281,PC,Y_GE15,F,TR72,10.6,11.3,16.9,10.8,6.6,9.5,11.8,12.3,11.3,17.7,18.7,18.9
282,PC,Y_GE15,F,TR81,3.6,5.0,8.6,6.7,7.3,8.0,6.4,8.9,11.1,8.3,12.0,13.0
283,PC,Y_GE15,F,TR82,4.5,9.4,9.7,6.0,5.0,7.5,8.2,8.2,6.7,5.8,7.1,10.0
284,PC,Y_GE15,F,TR83,4.9,4.9,5.6,5.2,5.8,6.6,6.4,7.6,9.5,8.6,7.7,8.7
285,PC,Y_GE15,F,TR90,4.0,3.3,3.1,3.9,3.0,4.6,6.1,4.5,4.4,3.9,6.6,11.3
286,PC,Y_GE15,F,TRA1,2.5,2.6,2.9,2.5,3.1,4.1,4.9,2.8,3.2,5.1,7.1,8.4
287,PC,Y_GE15,F,TRA2,0.7,2.0,2.5,2.7,2.2,4.0,1.2,3.3,5.3,4.8,4.6,6.8
288,PC,Y_GE15,F,TRB1,13.2,11.4,9.6,7.3,5.5,5.1,9.6,9.1,11.4,11.1,10.0,11.4
289,PC,Y_GE15,F,TRB2,6.9,6.4,11.3,7.7,3.6,3.6,6.6,3.6,4.6,9.8,20.1,26.6
290,PC,Y_GE15,F,TRC1,5.2,7.9,8.8,11.4,9.0,6.3,7.9,10.4,19.2,17.5,12.1,15.5
291,PC,Y_GE15,F,TRC2,3.4,7.6,2.5,1.9,,10.9,10.5,11.6,12.2,11.2,18.4,18.1
292,PC,Y_GE15,F,TRC3,10.5,9.6,6.1,8.6,16.1,17.5,24.5,25.2,32.9,36.2,32.9,42.1
293,PC,Y_GE15,F,UKC1,7.3,7.4,8.0,10.8,10.7,10.9,10.6,8.2,6.8,4.3,4.8,5.1
294,PC,Y_GE15,F,UKC2,6.3,6.9,8.1,9.1,6.8,8.2,7.7,6.7,6.2,5.5,4.8,5.0
295,PC,Y_GE15,F,UKD1,,5.5,6.0,6.4,6.0,4.4,4.0,4.0,,,,
296,PC,Y_GE15,F,UKD3,6.7,8.2,8.0,8.3,8.5,7.9,7.4,6.5,5.6,3.7,3.8,5.2
297,PC,Y_GE15,F,UKD4,4.5,5.4,4.8,5.8,6.0,7.3,5.4,5.2,3.2,3.6,4.5,3.1
298,PC,Y_GE15,F,UKD6,3.6,6.6,5.2,5.3,5.5,5.4,3.6,4.2,3.9,3.0,2.9,3.0
299,PC,Y_GE15,F,UKD7,7.1,5.8,7.6,9.1,8.7,7.6,6.6,4.6,4.2,5.0,4.0,3.1
300,PC,Y_GE15,F,UKE1,4.7,7.0,7.4,7.4,8.1,8.3,8.7,7.3,5.4,3.8,6.7,4.2
301,PC,Y_GE15,F,UKE2,,4.2,5.5,6.5,4.0,2.9,4.6,2.1,3.1,3.7,3.1,2.3
302,PC,Y_GE15,F,UKE3,6.9,7.6,7.2,8.9,8.8,10.6,9.9,6.6,6.0,5.3,5.5,5.0
303,PC,Y_GE15,F,UKE4,5.9,7.6,8.3,7.7,8.7,7.9,6.5,5.6,5.2,4.1,4.9,5.1
304,PC,Y_GE15,F,UKF1,5.0,5.6,8.3,9.1,8.0,6.4,4.7,4.4,4.2,3.6,3.9,3.6
305,PC,Y_GE15,F,UKF2,5.3,6.3,6.8,8.1,7.7,8.0,6.0,4.3,4.9,4.7,4.2,3.7
306,PC,Y_GE15,F,UKF3,7.3,6.5,4.6,5.9,7.4,5.6,4.2,4.9,5.4,3.4,5.4,4.3
307,PC,Y_GE15,F,UKG1,4.2,5.3,4.9,5.4,4.0,4.2,4.6,3.7,4.0,3.1,2.7,2.5
308,PC,Y_GE15,F,UKG2,3.8,5.7,6.6,7.1,6.3,5.5,4.9,4.6,3.8,5.6,4.0,3.1
309,PC,Y_GE15,F,UKG3,7.5,9.9,9.6,10.4,11.3,12.9,8.5,7.2,8.0,7.0,6.6,6.1
310,PC,Y_GE15,F,UKH1,4.3,5.3,5.7,5.6,5.8,5.3,4.6,4.5,3.8,3.5,3.5,2.7
311,PC,Y_GE15,F,UKH2,4.2,4.7,6.1,6.9,6.6,6.1,3.4,2.7,4.1,3.5,3.3,2.8
312,PC,Y_GE15,F,UKH3,4.7,7.3,6.7,6.3,7.2,6.4,6.2,4.3,4.4,4.2,2.8,3.4
313,PC,Y_GE15,F,UKI1,8.3,9.8,,,,,,,,,,
314,PC,Y_GE15,F,UKI2,6.5,8.5,,,,,,,,,,
315,PC,Y_GE15,F,UKI3,,,8.6,8.5,5.4,6.3,5.8,5.6,5.3,7.2,5.2,4.5
316,PC,Y_GE15,F,UKI4,,,11.2,11.9,10.5,10.1,8.0,7.2,8.5,5.5,4.8,3.8
317,PC,Y_GE15,F,UKI5,,,10.0,10.9,10.1,9.8,9.1,9.2,5.7,6.3,4.9,3.8
318,PC,Y_GE15,F,UKI6,,,6.4,8.3,6.8,7.3,6.8,5.4,4.2,4.4,4.4,4.5
319,PC,Y_GE15,F,UKI7,,,8.1,7.9,10.5,8.9,6.2,5.2,5.0,5.1,4.7,3.7
320,PC,Y_GE15,F,UKJ1,3.9,4.6,5.5,5.7,6.3,4.6,4.7,3.7,2.9,2.9,3.4,2.9
321,PC,Y_GE15,F,UKJ2,4.2,4.9,5.3,5.0,6.2,5.5,4.9,3.6,3.6,3.3,3.6,2.1
322,PC,Y_GE15,F,UKJ3,3.5,5.3,5.1,5.0,6.3,5.4,4.2,3.8,4.3,3.3,2.6,3.4
323,PC,Y_GE15,F,UKJ4,5.1,5.4,5.9,8.4,7.9,6.9,5.7,6.2,4.2,3.9,4.5,3.4
324,PC,Y_GE15,F,UKK1,3.4,4.8,5.2,5.7,5.4,5.7,4.5,3.9,3.2,4.2,3.0,2.6
325,PC,Y_GE15,F,UKK2,3.7,5.2,5.0,6.2,4.2,4.9,3.1,4.3,4.7,2.8,3.3,2.5
326,PC,Y_GE15,F,UKK3,5.9,4.9,9.0,5.5,3.7,4.9,,3.9,3.4,,,
327,PC,Y_GE15,F,UKK4,3.1,5.9,5.3,5.0,6.2,6.2,5.2,4.7,3.6,4.6,2.9,2.0
328,PC,Y_GE15,F,UKL1,5.2,6.7,7.3,7.7,8.5,7.1,5.6,5.8,4.3,4.5,4.5,3.7
329,PC,Y_GE15,F,UKL2,4.9,5.7,6.6,4.7,7.9,7.3,5.6,2.8,2.9,3.8,2.2,3.3
330,PC,Y_GE15,F,UKM2,4.4,6.5,7.0,5.3,7.6,,,,,,,
331,PC,Y_GE15,F,UKM3,4.7,5.4,7.9,9.0,8.1,,,,,,,
332,PC,Y_GE15,F,UKM5,,4.4,4.0,5.0,5.0,5.6,4.7,3.0,5.0,3.9,,4.2
333,PC,Y_GE15,F,UKM6,,4.9,5.6,6.7,5.5,,,,,,,
334,PC,Y_GE15,F,UKM7,,,,,,7.1,5.0,5.6,3.9,3.1,3.1,3.3
335,PC,Y_GE15,F,UKM8,,,,,,7.4,6.5,6.0,5.0,4.4,4.7,3.5
336,PC,Y_GE15,F,UKM9,,,,,,7.4,4.4,5.0,4.9,4.1,2.3,2.9
337,PC,Y_GE15,F,UKN0,2.7,4.2,4.5,5.2,5.2,5.1,4.7,5.1,4.4,3.2,2.5,2.4
338,PC,Y_GE15,M,AT11,,4.6,,,4.3,4.1,4.8,4.7,5.6,4.7,,
339,PC,Y_GE15,M,AT12,3.2,4.8,4.1,4.5,4.5,4.8,5.2,5.5,5.7,5.3,4.1,4.0
340,PC,Y_GE15,M,AT13,7.7,9.8,9.2,8.6,9.9,9.8,11.2,12.2,12.8,11.7,11.1,10.1
341,PC,Y_GE15,M,AT21,3.0,4.5,4.2,4.0,4.9,5.3,6.1,6.2,4.9,4.8,3.8,3.2
342,PC,Y_GE15,M,AT22,3.7,5.3,4.3,3.6,3.7,4.5,4.9,4.7,5.1,4.9,3.6,3.0
343,PC,Y_GE15,M,AT31,2.3,4.0,4.0,3.2,3.3,4.3,3.8,4.2,4.6,4.2,3.0,2.9
344,PC,Y_GE15,M,AT32,2.5,3.4,2.7,2.6,2.9,3.5,3.7,3.6,3.9,3.4,2.8,2.6
345,PC,Y_GE15,M,AT33,2.3,3.2,3.4,2.6,2.5,2.9,3.6,3.0,3.6,2.7,2.4,2.1
346,PC,Y_GE15,M,AT34,3.6,5.5,4.4,3.3,3.5,3.7,3.5,3.3,3.3,3.8,2.9,3.2
347,PC,Y_GE15,M,BE10,15.4,15.8,16.8,18.1,17.9,21.0,20.1,18.5,17.4,14.9,14.3,12.6
348,PC,Y_GE15,M,BE21,4.5,5.5,6.3,5.9,5.6,6.2,6.0,6.5,6.4,5.2,4.6,3.8
349,PC,Y_GE15,M,BE22,3.7,5.4,5.4,4.0,4.2,5.6,5.9,7.1,4.5,3.7,3.7,3.5
350,PC,Y_GE15,M,BE23,3.4,4.1,5.7,3.6,3.8,4.0,4.3,4.8,4.3,3.3,2.7,3.3
351,PC,Y_GE15,M,BE24,4.4,5.2,4.7,3.2,4.6,5.1,5.1,5.3,5.2,4.3,4.2,3.6
352,PC,Y_GE15,M,BE25,2.3,4.5,3.2,3.3,3.9,4.1,4.2,4.9,3.9,2.9,2.1,2.1
353,PC,Y_GE15,M,BE31,6.2,6.6,7.7,6.3,6.2,8.6,8.5,7.9,7.6,8.4,7.6,5.9
354,PC,Y_GE15,M,BE32,9.9,12.3,12.9,10.7,11.9,13.5,16.1,14.4,12.3,11.9,10.3,9.9
355,PC,Y_GE15,M,BE33,9.7,11.6,11.5,9.4,11.5,11.3,13.2,13.1,11.4,11.4,9.0,7.6
356,PC,Y_GE15,M,BE34,6.4,7.0,7.1,5.0,7.7,7.5,7.7,8.5,6.8,6.9,5.4,5.9
357,PC,Y_GE15,M,BE35,7.7,9.1,8.6,8.0,7.0,10.1,8.5,11.2,9.8,8.3,8.1,8.3
358,PC,Y_GE15,M,BG31,7.6,8.3,12.4,14.0,13.3,16.0,16.6,13.5,10.7,12.0,13.0,12.0
359,PC,Y_GE15,M,BG32,8.7,8.5,12.8,13.8,16.7,16.5,14.5,11.2,10.1,7.7,7.4,5.5
360,PC,Y_GE15,M,BG33,7.4,10.6,14.9,16.1,19.1,17.1,13.0,9.7,9.3,8.3,7.1,5.4
361,PC,Y_GE15,M,BG34,5.6,6.2,10.6,12.2,12.6,13.0,11.7,10.6,7.9,7.2,5.9,4.5
362,PC,Y_GE15,M,BG41,2.9,4.3,7.2,8.6,9.0,10.9,10.1,7.9,6.3,3.4,2.9,2.5
363,PC,Y_GE15,M,BG42,4.9,7.6,12.2,13.8,15.7,14.6,12.4,9.6,8.0,5.7,4.6,3.2
364,PC,Y_GE15,M,CH01,4.3,5.9,6.7,6.4,7.3,7.2,7.2,7.5,7.7,7.5,7.4,7.3
365,PC,Y_GE15,M,CH02,2.8,3.1,4.3,3.4,3.4,3.9,4.2,4.5,4.6,3.6,4.0,3.9
366,PC,Y_GE15,M,CH03,2.3,4.1,4.5,4.4,4.6,4.4,5.0,4.3,4.6,4.4,3.8,2.9
367,PC,Y_GE15,M,CH04,2.8,3.6,3.9,4.0,3.3,4.6,4.4,4.0,3.8,4.7,4.0,3.4
368,PC,Y_GE15,M,CH05,1.9,3.0,3.6,2.8,3.4,3.5,3.0,3.5,3.9,4.0,3.2,3.2
369,PC,Y_GE15,M,CH06,1.7,2.0,2.8,2.5,2.5,2.4,3.1,3.1,3.5,2.1,2.3,2.5
370,PC,Y_GE15,M,CH07,4.3,4.8,5.9,5.6,6.8,7.3,6.4,6.4,6.5,5.3,6.0,6.1
371,PC,Y_GE15,M,CY00,3.2,5.3,6.1,8.1,12.5,16.5,17.0,15.0,12.6,10.9,8.0,6.3
372,PC,Y_GE15,M,CZ01,1.6,3.0,3.5,3.4,2.9,3.2,2.3,2.4,2.4,1.4,0.8,1.2
373,PC,Y_GE15,M,CZ02,2.3,3.9,4.4,4.3,3.8,4.6,4.4,2.9,2.4,1.6,1.3,1.2
374,PC,Y_GE15,M,CZ03,2.1,4.6,4.8,4.5,4.2,3.9,4.0,3.0,2.4,1.6,1.3,1.2
375,PC,Y_GE15,M,CZ04,7.2,8.7,9.3,8.6,9.0,8.1,7.4,6.2,4.8,2.8,3.2,2.5
376,PC,Y_GE15,M,CZ05,3.0,6.2,5.8,5.6,7.0,6.7,4.9,4.3,3.6,2.1,1.6,1.5
377,PC,Y_GE15,M,CZ06,3.0,5.7,7.0,6.0,6.6,5.7,5.2,4.1,2.9,2.3,1.6,1.3
378,PC,Y_GE15,M,CZ07,4.0,6.4,7.3,6.5,6.4,7.4,5.8,4.3,3.7,3.3,2.0,2.1
379,PC,Y_GE15,M,CZ08,5.1,8.8,9.6,7.8,8.5,8.0,7.4,7.2,5.3,3.9,3.2,3.4
380,PC,Y_GE15,M,DE11,3.7,5.0,4.8,3.5,3.2,3.6,3.3,3.4,3.4,3.0,2.6,2.7
381,PC,Y_GE15,M,DE12,4.6,5.9,5.2,4.2,4.2,3.7,3.8,3.4,3.0,3.3,3.0,2.8
382,PC,Y_GE15,M,DE13,3.3,4.7,3.9,3.1,3.0,2.9,3.1,2.8,3.0,3.1,3.0,2.3
383,PC,Y_GE15,M,DE14,3.1,4.9,4.7,2.8,2.4,2.7,2.8,3.2,2.7,2.3,2.0,2.1
384,PC,Y_GE15,M,DE21,3.2,4.5,3.8,2.6,2.6,2.5,2.6,2.9,2.4,2.4,2.6,2.0
385,PC,Y_GE15,M,DE22,3.3,5.0,4.0,2.6,3.2,3.0,2.7,2.5,2.2,2.4,2.2,2.2
386,PC,Y_GE15,M,DE23,4.2,4.9,3.9,3.7,3.0,3.0,3.1,2.8,2.8,2.5,1.9,2.4
387,PC,Y_GE15,M,DE24,5.6,6.6,5.6,4.2,3.6,4.2,4.0,3.9,3.6,3.1,2.1,2.6
388,PC,Y_GE15,M,DE25,5.5,6.1,5.5,4.1,3.5,3.1,3.0,3.0,2.8,2.0,2.0,2.0
389,PC,Y_GE15,M,DE26,3.8,5.5,5.0,3.0,2.9,3.0,2.5,3.0,2.5,2.4,1.8,1.9
390,PC,Y_GE15,M,DE27,3.5,4.7,3.7,2.8,2.8,3.0,2.8,2.7,2.4,2.1,2.1,2.4
391,PC,Y_GE15,M,DE30,16.6,15.6,14.2,12.7,11.4,11.5,11.0,10.6,8.4,7.4,6.6,5.7
392,PC,Y_GE15,M,DE40,11.6,12.2,10.5,9.4,8.3,7.9,6.9,5.9,5.5,5.3,5.0,4.1
393,PC,Y_GE15,M,DE50,11.1,11.0,9.7,8.9,7.4,7.1,7.4,6.2,6.0,5.2,5.3,6.5
394,PC,Y_GE15,M,DE60,7.6,8.4,7.5,5.6,5.7,5.4,5.2,4.7,4.5,4.5,4.5,4.0
395,PC,Y_GE15,M,DE71,6.0,6.4,6.1,4.8,4.9,4.8,4.7,4.3,4.2,4.0,3.5,3.2
396,PC,Y_GE15,M,DE72,6.6,6.9,6.0,4.7,4.8,4.5,4.7,4.2,4.1,4.1,4.1,3.9
397,PC,Y_GE15,M,DE73,7.4,6.8,5.7,4.2,5.1,4.4,4.5,4.4,3.7,2.6,3.8,3.3
398,PC,Y_GE15,M,DE80,14.8,14.7,13.8,10.3,11.3,11.0,10.5,8.0,6.7,5.5,5.6,4.4
399,PC,Y_GE15,M,DE91,8.4,8.8,7.3,6.2,6.2,7.2,6.1,5.6,5.2,5.1,4.4,3.6
400,PC,Y_GE15,M,DE92,8.3,8.7,7.7,7.1,5.7,5.5,5.6,5.2,5.7,4.9,4.7,4.4
401,PC,Y_GE15,M,DE93,6.3,5.5,5.5,4.9,4.2,4.7,4.3,3.8,3.4,3.7,2.4,3.1
402,PC,Y_GE15,M,DE94,6.0,6.0,6.7,4.2,4.6,4.1,4.4,3.8,4.1,3.3,3.1,3.2
403,PC,Y_GE15,M,DEA1,7.7,8.5,8.5,7.7,7.1,7.2,6.8,6.6,5.7,5.1,5.0,4.4
404,PC,Y_GE15,M,DEA2,7.0,7.6,7.3,6.4,6.0,6.4,5.8,5.3,4.4,4.4,4.5,4.1
405,PC,Y_GE15,M,DEA3,6.7,8.0,7.3,5.8,5.4,5.4,5.6,4.8,4.8,4.5,4.3,3.9
406,PC,Y_GE15,M,DEA4,6.9,8.3,7.7,5.6,4.9,5.2,5.2,5.1,4.6,4.4,3.4,3.3
407,PC,Y_GE15,M,DEA5,8.5,9.9,9.3,7.9,7.0,7.3,6.2,6.4,5.5,5.3,4.7,4.4
408,PC,Y_GE15,M,DEB1,5.1,6.8,5.2,4.2,4.1,3.7,4.2,3.3,3.6,3.5,2.9,2.6
409,PC,Y_GE15,M,DEB2,5.0,4.8,4.7,3.9,,3.3,3.5,,,,,
410,PC,Y_GE15,M,DEB3,5.8,6.1,6.2,5.1,4.1,4.5,4.2,4.6,4.4,4.1,4.2,3.7
411,PC,Y_GE15,M,DEC0,7.3,8.4,7.5,6.2,6.2,6.4,6.2,6.6,5.4,5.3,4.1,4.1
412,PC,Y_GE15,M,DED2,12.9,12.5,10.9,9.3,7.5,7.5,7.6,6.9,5.5,4.5,4.3,3.5
413,PC,Y_GE15,M,DED4,11.8,12.1,11.7,8.8,7.7,6.8,6.2,5.6,4.3,3.8,3.9,4.1
414,PC,Y_GE15,M,DED5,15.3,13.6,12.9,11.1,10.0,9.7,9.1,8.6,6.3,5.5,5.1,5.0
415,PC,Y_GE15,M,DEE0,13.7,14.0,11.9,10.7,9.3,8.9,9.2,8.4,7.5,7.5,5.9,5.0
416,PC,Y_GE15,M,DEF0,6.8,7.6,7.4,6.5,5.5,5.3,5.0,4.8,4.4,4.2,3.6,3.3
417,PC,Y_GE15,M,DEG0,9.6,10.7,8.2,7.7,6.8,5.8,5.9,5.8,5.2,4.6,4.1,4.0
418,PC,Y_GE15,M,DK01,3.9,7.2,8.6,8.3,8.3,7.4,7.4,6.7,6.0,6.0,5.2,4.9
419,PC,Y_GE15,M,DK02,3.1,6.5,8.2,7.8,7.2,7.2,6.5,5.6,5.9,5.6,5.2,4.6
420,PC,Y_GE15,M,DK03,3.3,7.1,9.2,8.0,7.8,7.2,6.9,6.0,5.7,6.0,4.7,4.7
421,PC,Y_GE15,M,DK04,3.0,6.8,8.5,7.1,7.3,6.7,5.7,5.3,5.3,4.9,4.5,4.7
422,PC,Y_GE15,M,DK05,2.9,7.8,8.7,8.4,8.1,6.8,6.9,6.2,5.0,5.4,5.1,5.1
423,PC,Y_GE15,M,EE00,5.8,16.7,19.3,13.1,10.9,9.1,7.9,6.2,7.4,6.2,5.4,4.1
424,PC,Y_GE15,M,EL30,5.1,7.3,11.0,16.5,24.6,27.0,25.6,23.3,20.2,18.8,15.7,14.3
425,PC,Y_GE15,M,EL41,,3.1,6.4,13.2,17.3,18.6,18.7,13.5,13.0,18.2,17.4,13.0
426,PC,Y_GE15,M,EL42,5.6,8.8,9.7,12.8,11.9,17.8,19.2,13.8,14.4,13.7,13.6,10.3
427,PC,Y_GE15,M,EL43,3.8,6.6,9.5,13.0,18.4,20.9,20.7,20.5,18.4,14.6,10.2,9.3
428,PC,Y_GE15,M,EL51,4.7,7.7,11.8,17.8,21.2,25.5,21.5,20.0,19.0,15.3,13.7,13.0
429,PC,Y_GE15,M,EL52,5.3,7.1,10.2,15.9,22.9,26.3,25.1,22.6,21.2,18.7,16.7,15.8
430,PC,Y_GE15,M,EL53,7.9,9.4,12.4,18.7,24.7,27.0,22.4,23.9,24.2,22.9,22.5,18.0
431,PC,Y_GE15,M,EL54,5.3,7.6,8.8,13.2,19.2,24.0,24.1,21.1,20.6,21.1,18.5,14.6
432,PC,Y_GE15,M,EL61,5.7,6.6,8.6,12.4,16.5,20.5,20.3,22.1,21.5,16.3,14.5,14.7
433,PC,Y_GE15,M,EL62,5.6,6.2,11.4,10.8,10.7,13.1,16.5,14.2,14.8,18.2,12.7,9.1
434,PC,Y_GE15,M,EL63,6.1,6.1,8.7,14.1,22.3,23.9,24.8,24.2,23.3,19.6,18.6,19.5
435,PC,Y_GE15,M,EL64,5.2,6.7,8.8,14.0,22.5,25.1,24.1,21.2,18.9,16.8,14.3,11.8
436,PC,Y_GE15,M,EL65,3.9,4.2,6.2,11.2,15.0,18.1,19.2,18.1,15.7,13.2,10.8,9.3
437,PC,Y_GE15,M,ES11,7.4,11.7,14.6,16.6,20.8,22.3,21.6,18.7,16.5,15.0,12.4,10.7
438,PC,Y_GE15,M,ES12,6.8,12.6,15.2,18.3,21.9,23.9,20.1,19.6,18.8,13.5,12.4,13.3
439,PC,Y_GE15,M,ES13,5.9,11.5,12.7,16.1,18.1,20.1,20.0,16.5,14.4,13.2,9.2,9.6
440,PC,Y_GE15,M,ES21,5.7,11.1,10.3,11.8,15.5,16.7,16.5,14.9,12.1,10.5,10.1,8.9
441,PC,Y_GE15,M,ES22,5.6,10.0,11.5,12.6,16.7,17.2,15.5,12.7,10.9,7.7,9.1,7.4
442,PC,Y_GE15,M,ES23,6.5,12.6,12.8,16.6,19.1,19.2,15.6,14.1,12.2,9.5,9.1,10.1
443,PC,Y_GE15,M,ES24,6.6,13.4,14.2,16.9,17.7,20.3,18.2,13.3,12.1,9.0,9.3,8.8
444,PC,Y_GE15,M,ES30,7.8,13.9,15.6,16.4,19.1,19.2,17.9,16.8,15.0,12.8,11.6,9.8
445,PC,Y_GE15,M,ES41,6.9,12.1,14.2,15.7,18.0,20.2,19.2,16.0,14.1,12.0,10.4,10.0
446,PC,Y_GE15,M,ES42,9.3,17.2,19.2,20.9,25.8,27.5,26.0,22.5,20.0,16.8,13.6,12.2
447,PC,Y_GE15,M,ES43,11.1,17.5,20.6,23.0,30.9,32.3,27.2,25.7,23.7,22.7,19.4,16.6
448,PC,Y_GE15,M,ES51,9.0,17.2,18.6,19.8,23.2,23.7,20.6,17.8,14.6,12.5,10.9,10.6
449,PC,Y_GE15,M,ES52,10.9,21.0,22.9,23.7,27.4,27.1,25.0,21.9,18.9,16.5,14.0,11.8
450,PC,Y_GE15,M,ES53,9.7,19.2,20.8,22.3,22.4,22.5,21.4,17.3,13.4,12.4,12.0,10.3
451,PC,Y_GE15,M,ES61,15.3,24.1,26.7,28.7,33.4,34.8,32.7,29.1,26.2,22.9,19.8,17.8
452,PC,Y_GE15,M,ES62,11.9,21.6,23.2,25.0,27.8,28.6,24.6,21.7,17.3,15.2,13.4,11.9
453,PC,Y_GE15,M,ES63,12.5,13.2,21.4,22.1,29.3,28.8,28.9,21.6,20.1,17.1,22.9,23.1
454,PC,Y_GE15,M,ES64,15.4,17.7,17.8,19.0,22.7,33.1,23.0,29.6,26.1,20.7,21.6,22.4
455,PC,Y_GE15,M,ES70,16.1,25.6,29.2,29.4,31.9,34.3,31.8,27.9,24.4,21.2,18.9,19.3
456,PC,Y_GE15,M,FI19,5.8,9.6,9.9,8.7,8.6,9.3,9.3,10.2,9.5,9.6,7.1,7.2
457,PC,Y_GE15,M,FI1B,4.9,7.2,6.7,6.3,6.5,7.2,8.2,8.6,7.5,7.6,7.3,6.6
458,PC,Y_GE15,M,FI1C,5.5,8.1,9.6,9.4,8.4,8.9,9.6,10.8,9.3,8.9,7.4,6.4
459,PC,Y_GE15,M,FI1D,8.5,11.2,11.0,10.3,10.4,10.6,10.9,10.7,10.6,9.9,8.1,8.7
460,PC,Y_GE15,M,FI20,,,,,,,,,,,,
461,PC,Y_GE15,M,FR10,7.6,8.7,8.6,8.5,8.5,9.7,10.2,10.6,9.6,8.7,9.1,8.5
462,PC,Y_GE15,M,FRB0,4.8,6.6,7.3,7.9,10.9,11.1,9.3,10.9,9.6,8.7,8.5,7.8
463,PC,Y_GE15,M,FRC1,6.3,8.0,8.7,8.1,8.9,10.3,11.4,8.7,10.8,11.1,9.5,7.5
464,PC,Y_GE15,M,FRC2,4.7,9.1,8.4,7.3,8.9,10.3,10.9,9.8,8.2,7.2,7.0,7.3
465,PC,Y_GE15,M,FRD1,4.8,6.5,8.3,9.3,8.7,9.7,8.1,7.9,8.6,7.8,7.8,9.2
466,PC,Y_GE15,M,FRD2,7.2,9.3,8.9,8.2,11.8,11.7,11.6,11.4,12.1,12.0,10.2,8.5
467,PC,Y_GE15,M,FRE1,10.7,13.3,12.3,11.7,13.6,15.1,14.9,14.4,14.0,14.0,12.8,11.9
468,PC,Y_GE15,M,FRE2,6.6,10.7,11.4,8.5,10.3,11.0,11.5,10.2,11.7,9.7,10.3,8.8
469,PC,Y_GE15,M,FRF1,4.8,8.0,7.3,6.6,9.0,9.1,9.0,9.4,12.0,9.5,8.1,7.8
470,PC,Y_GE15,M,FRF2,6.3,8.8,9.1,10.2,10.9,10.2,11.7,14.5,11.5,9.5,8.3,8.9
471,PC,Y_GE15,M,FRF3,7.5,11.6,9.3,10.0,12.4,12.2,11.8,12.9,12.7,11.6,9.3,7.7
472,PC,Y_GE15,M,FRG0,5.5,6.6,7.6,8.0,7.7,8.5,8.4,9.4,8.7,7.1,7.0,7.1
473,PC,Y_GE15,M,FRH0,4.9,4.5,6.0,7.1,7.9,7.5,7.4,8.4,7.8,7.0,6.6,7.3
474,PC,Y_GE15,M,FRI1,5.9,7.6,7.1,9.0,9.3,9.0,10.1,9.7,10.0,10.3,9.4,9.2
475,PC,Y_GE15,M,FRI2,4.8,5.9,7.8,7.5,6.2,7.2,9.7,9.9,7.3,7.3,6.9,6.3
476,PC,Y_GE15,M,FRI3,6.7,8.0,8.8,8.4,7.6,9.3,10.6,10.6,9.4,7.9,7.8,7.5
477,PC,Y_GE15,M,FRJ1,9.4,13.9,15.5,11.7,15.0,12.7,12.1,13.7,12.4,12.2,11.5,10.2
478,PC,Y_GE15,M,FRJ2,5.4,7.8,7.8,7.6,8.0,9.1,9.2,8.9,8.6,6.7,6.0,6.2
479,PC,Y_GE15,M,FRK1,5.4,7.1,6.6,7.9,9.7,8.1,7.3,9.1,7.1,8.3,7.1,5.3
480,PC,Y_GE15,M,FRK2,5.9,8.2,7.5,7.0,8.0,8.4,9.1,9.2,8.1,7.1,7.3,6.7
481,PC,Y_GE15,M,FRL0,7.9,9.3,9.2,9.1,9.0,10.8,10.6,10.9,10.7,10.7,9.6,9.7
482,PC,Y_GE15,M,FRM0,,,,,,8.9,6.0,8.1,6.8,6.2,,
483,PC,Y_GE15,M,FRY1,18.2,20.3,21.4,19.1,20.5,24.0,22.0,21.3,21.5,20.8,20.6,18.6
484,PC,Y_GE15,M,FRY2,20.2,20.6,19.7,18.9,19.3,22.8,19.0,19.3,17.0,15.0,17.7,17.1
485,PC,Y_GE15,M,FRY3,15.4,15.4,17.7,17.1,18.7,16.7,16.8,17.8,20.5,19.2,17.3,19.8
486,PC,Y_GE15,M,FRY4,22.7,25.6,28.0,27.5,26.8,28.3,26.8,22.5,21.6,22.2,23.4,21.0
487,PC,Y_GE15,M,FRY5,,,,,,14.9,13.1,19.8,24.8,26.4,29.5,25.7
488,PC,Y_GE15,M,HR03,6.5,7.5,9.9,13.3,15.3,15.9,16.8,16.7,14.2,10.1,9.0,5.4
489,PC,Y_GE15,M,HR04,7.3,8.1,11.6,13.8,16.2,18.5,16.3,15.0,11.7,10.9,7.0,6.5
490,PC,Y_GE15,M,HU10,3.9,7.0,9.4,9.3,10.6,,,,,,,
491,PC,Y_GE15,M,HU11,,,,,,8.7,5.0,4.7,4.9,2.7,2.7,2.1
492,PC,Y_GE15,M,HU12,,,,,,10.1,6.8,6.1,2.7,2.3,2.3,2.3
493,PC,Y_GE15,M,HU21,5.6,8.8,9.3,8.8,9.5,8.3,5.5,4.0,2.9,2.0,2.1,1.9
494,PC,Y_GE15,M,HU22,4.0,8.4,9.9,6.9,7.8,7.5,4.2,3.5,2.3,1.9,1.3,1.5
495,PC,Y_GE15,M,HU23,11.0,11.3,13.3,12.4,11.7,9.5,8.5,7.8,6.5,6.2,5.4,5.0
496,PC,Y_GE15,M,HU31,14.1,16.3,17.7,16.7,16.7,12.6,10.5,8.5,6.2,5.4,4.6,4.4
497,PC,Y_GE15,M,HU32,11.9,14.3,14.8,14.8,13.6,13.6,11.3,10.7,9.5,6.8,6.6,6.4
498,PC,Y_GE15,M,HU33,8.5,10.4,10.2,10.9,10.2,10.9,9.2,7.5,5.2,3.7,3.0,3.5
499,PC,Y_GE15,M,IE01,8.1,15.9,17.1,18.4,,,,,,,,
500,PC,Y_GE15,M,IE02,7.4,14.8,17.0,17.4,,,,,,,,
501,PC,Y_GE15,M,IE04,,,,,17.7,13.6,12.2,11.1,9.3,6.7,5.7,4.9
502,PC,Y_GE15,M,IE05,,,,,18.7,15.4,13.5,11.5,9.1,7.4,6.3,5.8
503,PC,Y_GE15,M,IE06,,,,,16.9,14.9,12.3,10.0,8.9,6.9,5.5,4.9
504,PC,Y_GE15,M,IS00,3.2,8.6,8.3,7.8,6.3,5.6,5.0,3.9,2.9,2.8,2.8,3.8
505,PC,Y_GE15,M,ITC1,4.0,6.0,6.9,6.8,8.1,10.1,10.7,10.0,8.8,8.2,7.5,6.3
506,PC,Y_GE15,M,ITC2,,,,5.2,7.2,8.4,9.3,9.5,8.8,7.9,6.8,5.8
507,PC,Y_GE15,M,ITC3,4.0,4.7,5.9,5.8,6.3,8.9,10.2,8.9,8.3,7.8,8.0,7.4
508,PC,Y_GE15,M,ITC4,2.9,4.5,4.8,5.0,6.7,7.5,7.7,7.2,6.4,5.4,5.2,4.7
509,PC,Y_GE15,M,ITF1,5.2,6.5,6.9,7.2,9.4,11.0,11.0,10.7,9.9,9.2,8.0,9.6
510,PC,Y_GE15,M,ITF2,6.9,7.7,7.7,8.9,10.4,15.7,15.1,14.1,12.0,14.8,11.6,10.5
511,PC,Y_GE15,M,ITF3,10.4,11.4,12.3,13.6,17.5,20.1,19.7,17.9,18.5,19.1,18.6,18.4
512,PC,Y_GE15,M,ITF4,9.3,10.8,12.0,11.1,14.1,17.7,19.1,18.4,17.5,16.9,14.4,13.3
513,PC,Y_GE15,M,ITF5,8.7,9.6,11.2,11.2,14.6,15.6,13.9,12.5,12.0,11.5,11.4,9.5
514,PC,Y_GE15,M,ITF6,10.0,9.9,10.7,12.2,18.2,21.4,21.5,22.5,21.2,20.0,19.6,20.2
515,PC,Y_GE15,M,ITG1,11.8,12.3,13.3,12.8,17.2,19.9,21.0,20.7,21.0,20.4,19.8,18.5
516,PC,Y_GE15,M,ITG2,9.8,11.2,13.6,12.8,15.1,17.9,18.4,16.7,16.8,16.9,15.6,14.4
517,PC,Y_GE15,M,ITH1,1.8,2.5,2.3,2.9,3.5,3.8,4.5,3.5,3.4,2.4,2.8,2.6
518,PC,Y_GE15,M,ITH2,2.3,2.7,3.5,3.9,5.5,5.4,6.1,6.4,6.6,5.7,4.2,4.1
519,PC,Y_GE15,M,ITH3,2.3,3.5,4.4,3.9,5.5,6.1,5.7,5.8,5.6,5.1,5.4,4.3
520,PC,Y_GE15,M,ITH4,2.7,4.4,5.0,4.1,5.7,6.5,7.3,6.7,6.0,5.6,5.5,4.7
521,PC,Y_GE15,M,ITH5,2.3,4.1,4.6,4.4,6.3,7.3,7.3,6.6,6.0,5.3,4.7,4.6
522,PC,Y_GE15,M,ITI1,3.3,4.2,4.9,5.3,6.5,7.5,8.6,8.7,8.3,7.8,6.4,5.9
523,PC,Y_GE15,M,ITI2,3.1,4.6,5.1,5.0,8.0,9.4,10.3,9.0,8.8,9.5,7.7,7.2
524,PC,Y_GE15,M,ITI3,3.9,6.1,4.8,5.5,7.8,9.7,8.7,9.0,9.7,9.1,6.7,6.9
525,PC,Y_GE15,M,ITI4,5.9,6.7,8.2,8.0,9.6,11.0,12.0,11.5,10.8,9.9,10.6,9.5
526,PC,Y_GE15,M,LT00,6.0,17.1,21.2,17.9,15.2,,,,,,,
527,PC,Y_GE15,M,LT01,,,,,,11.6,10.7,9.3,6.4,6.1,5.4,5.1
528,PC,Y_GE15,M,LT02,,,,,,13.6,12.8,10.4,10.2,9.5,7.6,7.9
529,PC,Y_GE15,M,LU00,4.3,4.4,3.8,3.8,4.5,5.4,5.9,6.1,6.0,5.5,5.3,5.6
530,PC,Y_GE15,M,LV00,8.4,20.9,22.7,18.6,16.2,12.6,11.8,11.1,10.9,9.8,8.4,7.2
531,PC,Y_GE15,M,ME00,,,,19.3,19.8,20.0,17.8,17.7,18.2,15.4,15.2,14.7
532,PC,Y_GE15,M,MK00,33.5,31.8,31.9,31.8,31.5,29.0,27.6,26.7,24.4,22.7,21.3,16.5
533,PC,Y_GE15,M,MT00,5.6,6.5,6.7,6.0,5.6,6.1,6.1,5.4,4.4,3.8,3.8,3.3
534,PC,Y_GE15,M,NL11,4.6,6.1,5.5,6.6,6.1,8.3,9.3,10.1,8.6,7.1,5.6,5.6
535,PC,Y_GE15,M,NL12,3.3,3.7,4.7,4.5,6.6,8.0,8.1,8.2,7.0,4.9,4.3,3.7
536,PC,Y_GE15,M,NL13,3.8,4.6,4.5,4.4,5.4,7.0,7.2,7.5,5.4,4.3,4.0,2.7
537,PC,Y_GE15,M,NL21,2.7,3.5,4.4,4.3,5.3,7.3,7.4,6.7,5.4,4.6,3.4,2.9
538,PC,Y_GE15,M,NL22,2.9,3.2,4.2,4.5,4.7,6.8,6.8,5.8,5.2,4.1,3.2,3.0
539,PC,Y_GE15,M,NL23,3.5,4.0,5.2,4.9,6.8,8.6,9.9,6.7,7.4,5.2,3.8,3.2
540,PC,Y_GE15,M,NL31,2.3,3.3,3.7,3.7,4.5,6.5,6.3,5.9,4.8,3.5,3.2,3.1
541,PC,Y_GE15,M,NL32,2.7,3.6,4.2,4.6,5.2,7.2,6.4,6.0,5.0,4.4,3.9,3.4
542,PC,Y_GE15,M,NL33,3.2,4.3,5.4,5.5,6.7,7.7,7.8,7.1,6.6,5.1,4.3,3.9
543,PC,Y_GE15,M,NL34,2.4,2.2,2.4,2.5,2.8,5.1,6.1,5.4,3.2,2.7,2.1,2.3
544,PC,Y_GE15,M,NL41,2.4,3.5,4.1,4.0,5.0,6.6,6.6,6.0,4.7,3.9,3.3,3.2
545,PC,Y_GE15,M,NL42,4.1,5.7,5.1,4.1,5.4,7.4,7.1,6.2,5.1,4.3,3.2,3.3
546,PC,Y_GE15,M,NO01,3.2,4.2,4.6,3.9,3.9,3.9,4.0,4.7,5.1,5.2,4.3,4.0
547,PC,Y_GE15,M,NO02,2.4,2.7,4.3,3.3,3.7,3.1,3.3,4.9,5.5,,,
548,PC,Y_GE15,M,NO03,2.9,4.2,4.0,3.7,3.8,4.3,4.5,4.7,5.5,5.0,4.1,4.2
549,PC,Y_GE15,M,NO04,1.9,2.6,3.2,2.2,2.6,3.4,3.4,5.0,6.3,5.7,4.7,4.1
550,PC,Y_GE15,M,NO05,2.2,2.5,3.8,3.1,3.2,3.2,3.0,4.1,5.9,4.9,4.2,4.1
551,PC,Y_GE15,M,NO06,3.0,4.1,3.8,3.5,4.0,2.7,4.0,3.8,4.2,,,
552,PC,Y_GE15,M,NO07,3.5,4.1,4.2,4.2,4.0,3.4,3.1,4.4,4.1,,,
553,PC,Y_GE15,M,PL21,5.3,7.6,8.5,8.6,9.3,10.3,8.6,6.9,4.9,4.8,2.9,2.6
554,PC,Y_GE15,M,PL22,5.8,5.9,8.0,7.8,8.4,8.6,7.9,7.0,5.3,3.9,3.5,2.0
555,PC,Y_GE15,M,PL41,4.6,5.9,7.7,7.2,6.7,6.8,6.4,5.1,4.4,3.1,2.1,2.2
556,PC,Y_GE15,M,PL42,9.0,10.0,13.1,11.9,11.2,10.6,8.8,7.4,6.6,4.9,3.6,2.8
557,PC,Y_GE15,M,PL43,5.9,9.9,10.4,9.2,8.3,8.9,7.6,6.3,4.4,3.8,3.4,2.1
558,PC,Y_GE15,M,PL51,8.2,9.9,11.3,10.8,10.7,10.5,8.9,6.8,5.3,4.0,3.1,3.2
559,PC,Y_GE15,M,PL52,5.9,9.3,9.0,8.5,8.6,8.5,6.9,5.9,4.7,3.8,2.6,2.9
560,PC,Y_GE15,M,PL61,8.3,10.2,9.6,9.4,10.3,11.0,9.2,7.2,7.1,5.6,3.9,3.2
561,PC,Y_GE15,M,PL62,6.0,7.3,8.9,8.1,10.0,10.7,9.6,8.7,8.8,6.7,5.7,2.6
562,PC,Y_GE15,M,PL63,4.5,6.2,9.2,7.9,8.7,10.0,8.7,6.9,5.4,4.1,2.9,2.3
563,PC,Y_GE15,M,PL71,6.0,7.1,9.0,8.9,10.8,10.6,8.5,7.7,5.6,4.8,4.3,3.7
564,PC,Y_GE15,M,PL72,8.8,11.5,12.1,12.2,12.7,12.7,12.0,10.2,8.9,7.2,6.1,4.5
565,PC,Y_GE15,M,PL81,8.9,10.0,10.2,10.4,10.6,10.1,9.3,9.2,8.4,7.5,6.2,5.3
566,PC,Y_GE15,M,PL82,7.5,9.3,11.2,11.4,12.7,14.3,13.6,11.0,9.7,7.8,6.2,4.4
567,PC,Y_GE15,M,PL84,6.3,7.0,10.8,9.0,8.8,9.8,8.8,7.1,6.7,4.2,2.8,2.9
568,PC,Y_GE15,M,PL91,,,,,,5.9,5.5,4.9,3.5,3.7,2.8,2.4
569,PC,Y_GE15,M,PL92,,,,,,9.9,8.1,8.5,8.5,6.1,6.0,4.2
570,PC,Y_GE15,M,PT11,7.4,9.8,10.7,11.8,15.3,16.4,13.7,13.1,11.6,8.9,6.8,5.9
571,PC,Y_GE15,M,PT15,5.4,9.4,13.2,15.9,18.3,17.9,14.9,13.4,10.0,8.5,6.7,7.1
572,PC,Y_GE15,M,PT16,3.9,6.5,6.7,9.2,10.8,11.1,10.3,8.7,7.8,6.5,5.0,4.3
573,PC,Y_GE15,M,PT17,8.1,9.7,11.2,15.3,19.3,19.0,15.1,13.1,12.6,9.2,7.0,6.3
574,PC,Y_GE15,M,PT18,6.6,9.4,9.6,11.5,15.3,15.7,14.2,12.3,11.2,7.9,7.0,6.6
575,PC,Y_GE15,M,PT20,,,6.6,11.7,16.3,19.5,16.2,14.4,12.2,9.6,8.2,7.4
576,PC,Y_GE15,M,PT30,,8.8,8.5,15.1,19.5,19.4,16.0,15.5,13.9,10.3,9.3,6.8
577,PC,Y_GE15,M,RO11,4.7,6.0,6.9,5.3,4.7,4.0,3.7,4.8,4.8,3.9,3.0,3.2
578,PC,Y_GE15,M,RO12,9.7,12.1,10.8,11.3,9.8,10.0,9.1,7.7,5.9,4.9,5.0,6.4
579,PC,Y_GE15,M,RO21,5.4,6.9,5.9,5.0,4.9,4.9,4.9,3.9,3.2,3.3,2.4,2.0
580,PC,Y_GE15,M,RO22,8.0,8.0,8.7,10.2,10.0,10.4,11.0,9.6,8.5,7.4,6.5,6.4
581,PC,Y_GE15,M,RO31,7.0,8.1,8.0,10.2,9.8,10.0,9.6,11.0,8.9,7.2,5.5,4.6
582,PC,Y_GE15,M,RO32,4.1,4.3,5.1,5.8,7.0,8.8,7.4,6.2,5.6,5.3,4.2,3.2
583,PC,Y_GE15,M,RO41,8.0,8.5,9.2,8.3,7.8,8.7,7.9,12.5,11.7,8.3,7.7,6.3
584,PC,Y_GE15,M,RO42,6.6,7.3,6.4,6.1,4.9,5.0,5.3,5.6,5.8,5.6,5.0,4.1
585,PC,Y_GE15,M,RS11,,,,,,17.7,17.1,18.3,15.9,13.6,10.2,7.3
586,PC,Y_GE15,M,RS12,,,,,,22.9,20.3,16.7,14.6,11.6,9.8,8.7
587,PC,Y_GE15,M,RS21,,,,,,20.1,16.1,15.5,13.6,12.5,12.7,11.0
588,PC,Y_GE15,M,RS22,,,,,,22.4,20.1,17.1,14.6,14.1,15.6,12.5
589,PC,Y_GE15,M,SE11,5.1,7.0,6.9,6.4,6.8,6.8,7.1,6.8,6.3,6.1,5.9,6.3
590,PC,Y_GE15,M,SE12,6.1,9.2,9.5,8.2,8.7,8.9,8.4,8.1,7.9,7.8,6.9,7.2
591,PC,Y_GE15,M,SE21,4.7,9.0,8.1,6.9,7.3,7.2,7.0,6.1,6.2,5.5,5.1,5.3
592,PC,Y_GE15,M,SE22,6.6,8.7,8.9,9.3,9.5,10.2,10.8,9.8,9.5,9.4,9.3,8.8
593,PC,Y_GE15,M,SE23,6.2,8.9,9.1,7.5,8.2,8.1,7.7,6.6,7.1,6.2,5.8,5.8
594,PC,Y_GE15,M,SE31,5.9,9.7,9.1,9.0,8.8,8.6,8.9,8.6,8.2,7.3,6.7,7.4
595,PC,Y_GE15,M,SE32,7.3,10.2,10.6,9.5,9.7,7.9,7.5,7.0,7.0,6.6,5.4,7.9
596,PC,Y_GE15,M,SE33,7.3,9.7,10.6,9.0,8.5,8.2,8.2,7.8,6.5,6.8,5.2,5.5
597,PC,Y_GE15,M,SI01,4.4,6.2,,,,,,,,,,
598,PC,Y_GE15,M,SI02,3.5,5.5,,,,,,,,,,
599,PC,Y_GE15,M,SI03,,,7.6,8.8,9.3,10.4,9.8,9.0,7.7,5.5,5.0,4.1
600,PC,Y_GE15,M,SI04,,,7.2,7.4,7.3,8.2,7.9,7.0,7.2,6.1,4.1,3.9
601,PC,Y_GE15,M,SK01,3.4,5.4,7.1,6.6,5.6,6.2,5.6,5.3,3.6,4.8,3.7,2.5
602,PC,Y_GE15,M,SK02,4.7,8.7,11.7,9.7,10.0,10.5,10.4,8.3,6.8,4.9,3.9,3.9
603,PC,Y_GE15,M,SK03,12.3,14.0,16.3,16.3,16.7,17.4,15.8,11.9,10.7,9.3,7.4,6.1
604,PC,Y_GE15,M,SK04,11.6,15.0,18.6,18.8,18.2,18.3,16.0,13.5,11.7,11.6,8.7,8.5
605,PC,Y_GE15,M,TR10,9.4,14.9,12.5,10.0,9.6,9.2,10.3,11.0,11.7,11.5,10.9,12.9
606,PC,Y_GE15,M,TR21,8.5,9.9,7.4,6.1,4.5,4.9,5.9,5.4,5.3,5.9,5.0,8.7
607,PC,Y_GE15,M,TR22,5.7,6.5,6.0,3.9,3.9,5.0,5.3,4.7,5.1,4.3,4.2,6.6
608,PC,Y_GE15,M,TR31,10.0,14.7,12.3,10.9,10.6,10.7,10.7,12.0,11.1,11.5,10.8,13.2
609,PC,Y_GE15,M,TR32,8.9,11.1,9.3,6.7,5.8,5.2,6.7,6.1,5.6,5.8,5.3,7.7
610,PC,Y_GE15,M,TR33,7.1,10.0,6.8,4.5,4.1,4.7,3.3,3.8,3.5,5.0,5.7,8.8
611,PC,Y_GE15,M,TR41,8.8,11.7,8.7,5.7,5.1,4.8,5.0,6.5,7.7,8.5,6.9,10.0
612,PC,Y_GE15,M,TR42,8.8,12.0,10.1,9.3,7.7,7.5,8.2,8.4,8.6,8.9,8.4,11.9
613,PC,Y_GE15,M,TR51,9.3,11.4,9.4,7.6,6.8,6.8,9.1,8.3,9.1,9.4,8.0,11.4
614,PC,Y_GE15,M,TR52,8.0,8.6,6.8,5.1,4.4,3.6,5.0,5.4,5.0,5.5,5.2,7.2
615,PC,Y_GE15,M,TR61,7.8,9.4,9.1,7.5,6.3,6.3,6.7,7.7,9.1,9.9,8.9,11.5
616,PC,Y_GE15,M,TR62,13.3,18.6,14.0,8.3,8.2,9.7,9.3,8.2,9.1,8.9,9.7,10.5
617,PC,Y_GE15,M,TR63,14.6,15.9,12.6,11.3,9.6,11.1,14.5,14.4,12.2,10.0,12.1,16.3
618,PC,Y_GE15,M,TR71,8.7,15.8,9.5,7.0,6.4,5.4,7.8,8.3,10.4,8.1,8.2,11.2
619,PC,Y_GE15,M,TR72,10.0,11.2,10.7,9.3,7.6,8.0,8.7,8.6,7.2,9.3,10.8,12.5
620,PC,Y_GE15,M,TR81,7.3,7.7,11.1,7.0,6.0,5.1,5.7,5.8,7.4,6.6,5.9,7.5
621,PC,Y_GE15,M,TR82,5.2,7.8,6.1,4.8,4.2,4.6,5.4,5.9,5.1,3.7,3.7,6.0
622,PC,Y_GE15,M,TR83,7.1,6.7,6.2,4.4,4.5,5.0,6.0,6.0,7.0,5.8,5.6,8.0
623,PC,Y_GE15,M,TR90,4.5,4.8,5.9,6.2,6.7,6.8,6.3,5.0,4.5,3.2,5.7,8.8
624,PC,Y_GE15,M,TRA1,6.5,8.1,6.7,6.9,6.5,7.0,8.4,7.6,5.7,5.3,7.6,12.4
625,PC,Y_GE15,M,TRA2,7.0,9.9,11.3,11.8,8.0,6.4,4.5,4.2,4.6,5.7,5.5,10.7
626,PC,Y_GE15,M,TRB1,12.1,16.0,10.9,8.0,5.9,6.0,6.6,7.4,7.6,4.7,7.0,9.0
627,PC,Y_GE15,M,TRB2,13.7,16.3,16.6,12.1,8.8,10.8,15.9,12.1,10.7,13.6,22.1,25.3
628,PC,Y_GE15,M,TRC1,17.2,15.6,12.0,13.6,11.0,6.2,8.1,9.5,12.4,13.3,12.3,15.0
629,PC,Y_GE15,M,TRC2,14.2,18.0,12.7,7.6,6.7,17.1,19.3,19.2,18.8,14.7,18.6,25.0
630,PC,Y_GE15,M,TRC3,16.2,14.1,11.1,10.6,19.1,19.7,24.0,24.2,26.9,24.6,22.4,26.8
631,PC,Y_GE15,M,UKC1,8.3,9.0,10.1,12.8,12.2,10.9,8.9,8.7,7.0,6.1,4.0,6.1
632,PC,Y_GE15,M,UKC2,8.0,12.4,10.9,10.4,10.9,10.1,8.9,8.6,7.8,6.2,5.7,6.2
633,PC,Y_GE15,M,UKD1,3.2,7.1,7.0,7.6,6.7,5.7,5.8,4.4,4.2,4.4,,
634,PC,Y_GE15,M,UKD3,8.4,10.6,9.2,10.9,11.3,10.7,8.4,6.4,6.6,4.3,4.6,4.9
635,PC,Y_GE15,M,UKD4,6.2,8.7,6.8,7.7,9.3,7.2,7.6,3.9,5.5,4.7,5.1,4.2
636,PC,Y_GE15,M,UKD6,6.3,5.4,6.8,6.1,6.3,5.1,3.2,2.9,2.7,3.1,3.4,3.3
637,PC,Y_GE15,M,UKD7,9.8,12.8,12.9,10.8,10.6,10.0,8.1,7.1,5.7,5.4,4.0,4.6
638,PC,Y_GE15,M,UKE1,5.5,11.4,11.2,10.2,11.1,8.4,7.4,5.7,5.5,5.3,4.7,5.0
639,PC,Y_GE15,M,UKE2,4.1,6.5,7.7,6.4,5.9,5.6,4.5,4.0,2.7,4.4,3.3,3.0
640,PC,Y_GE15,M,UKE3,9.0,11.3,11.5,12.0,11.8,10.4,7.9,8.1,8.2,5.9,4.6,5.2
641,PC,Y_GE15,M,UKE4,6.7,9.4,10.8,11.5,10.0,10.6,6.9,7.5,6.3,5.3,4.5,4.3
642,PC,Y_GE15,M,UKF1,5.4,8.5,9.3,8.5,8.5,7.9,7.3,5.2,4.8,3.6,4.8,4.2
643,PC,Y_GE15,M,UKF2,6.7,8.2,7.6,7.1,6.4,7.6,4.6,4.6,4.2,4.5,4.1,4.5
644,PC,Y_GE15,M,UKF3,5.3,6.2,5.2,7.1,9.4,7.1,5.0,4.2,3.4,4.0,3.1,3.1
645,PC,Y_GE15,M,UKG1,4.3,7.4,7.5,6.7,5.7,5.9,4.1,2.7,3.4,2.8,3.3,3.3
646,PC,Y_GE15,M,UKG2,5.0,8.3,8.7,8.5,7.0,6.8,5.7,4.7,4.4,4.3,3.4,3.4
647,PC,Y_GE15,M,UKG3,10.7,15.5,12.3,12.0,12.0,13.0,10.8,8.6,7.2,7.3,6.4,5.9
648,PC,Y_GE15,M,UKH1,4.7,6.4,7.4,6.9,7.0,7.0,5.2,4.2,3.8,4.2,3.5,3.0
649,PC,Y_GE15,M,UKH2,5.2,6.8,6.0,6.6,6.1,5.1,5.0,4.8,4.1,3.8,2.5,2.7
650,PC,Y_GE15,M,UKH3,5.4,6.5,7.3,7.2,7.5,6.3,6.1,4.3,3.3,4.2,2.8,3.0
651,PC,Y_GE15,M,UKI1,7.7,9.2,,,,,,,,,,
652,PC,Y_GE15,M,UKI2,6.7,8.7,,,,,,,,,,
653,PC,Y_GE15,M,UKI3,,,7.6,7.1,7.9,7.2,6.6,5.2,4.3,4.3,5.1,3.2
654,PC,Y_GE15,M,UKI4,,,10.6,12.1,10.8,9.6,7.7,7.2,6.0,5.1,3.9,4.1
655,PC,Y_GE15,M,UKI5,,,10.0,11.3,9.0,9.2,6.1,6.0,5.4,5.1,4.4,4.9
656,PC,Y_GE15,M,UKI6,,,7.8,8.2,7.7,7.6,5.1,4.0,4.3,5.3,4.9,3.7
657,PC,Y_GE15,M,UKI7,,,9.0,8.9,8.2,8.0,6.1,5.7,5.0,4.6,4.9,6.3
658,PC,Y_GE15,M,UKJ1,4.2,6.0,6.1,4.7,5.1,5.6,3.7,3.2,2.5,2.9,2.6,2.7
659,PC,Y_GE15,M,UKJ2,4.6,6.2,5.0,5.6,5.5,5.4,4.4,3.9,3.5,3.1,3.5,3.0
660,PC,Y_GE15,M,UKJ3,3.6,5.2,7.4,6.8,6.3,5.9,4.2,4.3,3.2,3.0,2.9,3.1
661,PC,Y_GE15,M,UKJ4,5.4,8.8,9.2,8.1,8.1,8.2,5.6,4.6,4.8,3.6,4.2,4.3
662,PC,Y_GE15,M,UKK1,4.0,6.5,5.5,7.1,6.7,6.7,5.1,3.8,4.0,3.7,2.7,2.8
663,PC,Y_GE15,M,UKK2,4.5,7.6,5.8,5.9,5.9,6.0,5.7,3.7,3.9,2.9,2.9,1.8
664,PC,Y_GE15,M,UKK3,5.6,5.4,7.3,6.9,7.0,6.3,5.0,5.0,4.0,,,
665,PC,Y_GE15,M,UKK4,4.5,8.2,7.6,7.8,5.5,7.7,4.8,2.7,3.5,3.4,3.7,3.9
666,PC,Y_GE15,M,UKL1,6.9,10.8,10.8,11.9,9.7,8.4,8.1,7.2,5.5,4.8,5.3,4.3
667,PC,Y_GE15,M,UKL2,6.1,7.6,8.8,8.0,7.3,7.5,6.5,6.6,4.2,4.7,3.1,3.2
668,PC,Y_GE15,M,UKM2,5.2,8.5,8.6,9.4,7.6,,,,,,,
669,PC,Y_GE15,M,UKM3,6.1,9.5,12.1,10.3,10.1,,,,,,,
670,PC,Y_GE15,M,UKM5,3.0,3.0,3.2,4.3,4.5,4.0,3.4,3.4,5.2,4.5,4.2,
671,PC,Y_GE15,M,UKM6,,3.8,8.2,7.1,10.4,6.4,5.5,,,,,
672,PC,Y_GE15,M,UKM7,,,,,,7.9,6.5,6.3,5.6,4.3,4.0,3.4
673,PC,Y_GE15,M,UKM8,,,,,,8.9,9.1,8.1,5.6,4.9,5.6,5.5
674,PC,Y_GE15,M,UKM9,,,,,,8.2,6.2,7.0,7.5,5.3,4.1,3.3
675,PC,Y_GE15,M,UKN0,5.8,8.2,9.3,8.9,9.3,9.5,7.8,6.9,6.8,5.8,4.6,2.9
676,PC,Y_GE15,T,AT11,4.2,5.0,4.0,3.8,4.6,4.3,4.8,5.2,5.7,5.2,4.2,3.6
677,PC,Y_GE15,T,AT12,3.7,4.7,3.9,4.5,4.6,5.0,5.1,5.2,5.2,4.8,3.8,4.0
678,PC,Y_GE15,T,AT13,7.3,8.7,8.3,8.0,8.9,9.2,10.2,10.6,11.3,10.4,10.0,9.3
679,PC,Y_GE15,T,AT21,3.6,4.6,4.3,4.3,5.0,5.5,6.0,6.1,5.4,4.8,4.1,3.8
680,PC,Y_GE15,T,AT22,3.8,5.0,4.5,3.6,4.0,4.7,4.9,4.7,5.1,4.5,4.0,3.2
681,PC,Y_GE15,T,AT31,2.7,4.2,3.9,3.4,3.3,4.3,4.0,4.1,4.4,3.9,3.2,2.9
682,PC,Y_GE15,T,AT32,2.8,3.6,3.2,2.9,2.9,3.2,3.5,3.5,3.4,3.1,2.8,2.4
683,PC,Y_GE15,T,AT33,2.6,3.3,3.2,2.7,2.8,3.1,3.2,3.0,3.5,3.3,2.4,2.1
684,PC,Y_GE15,T,AT34,4.1,5.6,4.6,4.1,4.0,3.6,3.4,3.5,3.4,3.7,3.3,3.2
685,PC,Y_GE15,T,BE10,15.9,15.7,17.3,16.9,17.4,19.2,18.3,17.3,16.7,14.8,13.2,12.6
686,PC,Y_GE15,T,BE21,4.6,5.7,6.0,5.7,5.3,6.2,6.1,6.1,6.1,5.9,4.3,3.6
687,PC,Y_GE15,T,BE22,4.4,5.4,5.3,4.6,4.7,5.5,5.6,6.0,4.8,4.1,3.8,3.6
688,PC,Y_GE15,T,BE23,3.6,4.2,5.2,3.8,4.1,4.0,4.3,4.4,4.2,3.4,2.7,2.9
689,PC,Y_GE15,T,BE24,4.2,4.9,4.8,3.5,4.4,5.5,5.0,5.1,4.8,4.7,3.6,3.6
690,PC,Y_GE15,T,BE25,2.7,4.3,3.8,3.2,3.9,3.9,4.2,4.2,3.7,3.2,2.6,2.5
691,PC,Y_GE15,T,BE31,6.5,6.9,8.3,6.7,7.0,8.2,8.8,7.8,7.9,7.5,6.9,5.5
692,PC,Y_GE15,T,BE32,11.6,13.2,13.9,11.7,12.1,13.2,14.4,13.3,11.8,11.4,9.9,8.6
693,PC,Y_GE15,T,BE33,10.5,12.1,11.5,9.5,10.7,11.7,12.3,12.8,11.1,10.5,8.2,6.7
694,PC,Y_GE15,T,BE34,7.7,7.4,7.5,6.2,7.6,7.9,8.5,9.3,7.8,6.7,5.4,5.4
695,PC,Y_GE15,T,BE35,8.8,9.4,9.6,8.0,7.3,10.4,8.9,10.9,9.7,7.4,8.5,7.0
696,PC,Y_GE15,T,BG31,7.1,8.0,11.2,12.8,12.3,14.0,14.2,12.1,10.6,11.3,11.2,10.8
697,PC,Y_GE15,T,BG32,8.5,8.4,11.6,12.8,14.3,15.3,13.2,10.6,9.3,6.9,6.7,5.1
698,PC,Y_GE15,T,BG33,8.6,10.4,14.6,15.4,18.2,16.8,12.6,10.3,9.7,9.4,7.4,5.9
699,PC,Y_GE15,T,BG34,5.8,6.6,10.5,11.5,11.9,13.0,11.9,10.4,7.9,7.0,5.4,4.0
700,PC,Y_GE15,T,BG41,2.9,4.1,6.9,7.5,8.2,9.8,8.9,6.7,5.4,3.3,2.6,2.3
701,PC,Y_GE15,T,BG42,5.1,7.3,11.5,12.9,13.8,13.5,12.0,9.2,7.1,5.2,4.2,3.0
702,PC,Y_GE15,T,CH01,4.6,5.9,7.2,7.1,7.1,7.4,7.5,7.5,7.6,7.8,7.5,7.5
703,PC,Y_GE15,T,CH02,3.3,3.6,4.5,3.8,3.9,4.1,4.5,4.4,4.6,4.2,4.3,3.8
704,PC,Y_GE15,T,CH03,3.1,4.5,4.7,4.2,4.5,4.4,4.6,4.3,4.9,4.4,4.2,3.5
705,PC,Y_GE15,T,CH04,3.1,3.8,4.4,4.0,3.8,4.4,4.1,4.1,3.9,4.4,4.3,4.0
706,PC,Y_GE15,T,CH05,2.7,3.4,3.8,3.6,3.5,3.9,3.5,3.9,4.0,3.7,3.6,3.4
707,PC,Y_GE15,T,CH06,2.3,2.7,3.1,2.6,2.8,2.8,3.7,3.4,3.4,2.9,2.9,2.7
708,PC,Y_GE15,T,CH07,5.0,5.1,5.9,6.0,7.4,7.7,7.1,6.9,6.9,6.0,6.6,6.8
709,PC,Y_GE15,T,CY00,3.7,5.4,6.3,7.9,11.8,15.9,16.1,14.9,12.9,11.1,8.4,7.1
710,PC,Y_GE15,T,CZ01,1.9,3.1,3.7,3.6,3.1,3.1,2.5,2.8,2.2,1.7,1.3,1.3
711,PC,Y_GE15,T,CZ02,2.6,4.4,5.2,5.1,4.6,5.2,5.1,3.5,3.1,2.1,2.0,1.3
712,PC,Y_GE15,T,CZ03,3.1,5.2,5.6,5.3,5.3,5.2,5.5,3.9,3.1,2.1,1.5,1.5
713,PC,Y_GE15,T,CZ04,7.8,10.3,11.1,9.5,10.7,9.6,8.7,7.3,5.2,3.4,3.4,3.0
714,PC,Y_GE15,T,CZ05,4.0,7.3,7.0,6.6,8.0,8.3,6.3,5.2,4.0,2.8,2.0,1.7
715,PC,Y_GE15,T,CZ06,4.0,6.5,7.5,7.2,7.6,6.8,5.9,4.9,3.7,3.1,2.3,1.9
716,PC,Y_GE15,T,CZ07,4.9,7.5,8.8,7.6,7.5,8.0,6.9,5.3,3.9,3.3,2.2,2.2
717,PC,Y_GE15,T,CZ08,7.4,9.7,10.2,9.3,9.5,9.9,8.6,8.1,6.9,4.7,3.7,3.7
718,PC,Y_GE15,T,DE11,4.3,5.3,5.0,3.6,3.4,3.6,3.1,3.3,3.3,3.0,2.3,2.4
719,PC,Y_GE15,T,DE12,4.8,5.6,5.2,4.2,4.0,3.6,3.5,3.3,3.1,3.3,2.9,2.8
720,PC,Y_GE15,T,DE13,3.8,4.4,3.9,3.0,2.8,2.9,3.0,2.5,3.0,2.9,2.6,2.1
721,PC,Y_GE15,T,DE14,3.8,5.0,4.5,3.1,2.7,2.9,2.6,3.0,2.6,2.2,1.9,1.9
722,PC,Y_GE15,T,DE21,3.4,4.2,3.6,2.7,2.7,2.5,2.5,2.7,2.4,2.2,2.3,1.9
723,PC,Y_GE15,T,DE22,4.2,5.0,3.9,2.8,3.3,3.2,2.8,2.5,2.1,2.1,2.0,2.0
724,PC,Y_GE15,T,DE23,4.2,5.0,4.0,3.4,3.2,3.4,2.7,2.7,2.8,2.2,1.9,2.2
725,PC,Y_GE15,T,DE24,6.2,6.7,5.9,4.2,3.3,3.9,4.0,3.8,3.3,3.0,2.3,2.3
726,PC,Y_GE15,T,DE25,5.5,6.4,5.5,4.0,3.7,3.1,3.1,3.0,2.5,2.1,1.8,2.1
727,PC,Y_GE15,T,DE26,4.4,5.7,5.1,3.5,3.4,3.3,2.9,3.0,2.5,2.3,2.0,2.0
728,PC,Y_GE15,T,DE27,4.1,4.7,4.2,3.4,3.2,3.3,3.0,3.0,2.7,2.6,2.4,2.2
729,PC,Y_GE15,T,DE30,15.2,13.7,12.8,11.6,10.4,10.4,9.8,9.4,7.8,7.0,6.1,5.3
730,PC,Y_GE15,T,DE40,11.5,11.3,9.8,8.8,8.2,7.3,6.7,5.7,4.6,4.5,4.1,3.4
731,PC,Y_GE15,T,DE50,9.6,9.1,7.9,7.7,6.6,7.0,6.6,5.6,5.3,4.3,4.3,5.1
732,PC,Y_GE15,T,DE60,7.1,7.2,7.0,5.3,5.3,4.7,5.0,4.3,4.1,4.2,4.1,3.6
733,PC,Y_GE15,T,DE71,6.1,6.3,5.8,4.7,4.8,4.3,4.5,4.1,4.0,3.5,3.1,3.1
734,PC,Y_GE15,T,DE72,6.6,6.7,6.0,5.1,5.0,4.5,4.5,3.8,4.0,3.6,3.6,3.3
735,PC,Y_GE15,T,DE73,7.5,6.6,6.0,4.4,4.5,4.3,4.4,3.6,3.7,2.5,2.9,2.8
736,PC,Y_GE15,T,DE80,14.7,13.9,12.3,10.1,10.8,10.0,9.6,7.8,6.3,5.1,4.8,4.0
737,PC,Y_GE15,T,DE91,8.7,8.5,7.1,6.2,5.5,6.2,5.5,4.9,4.6,4.4,4.0,3.3
738,PC,Y_GE15,T,DE92,7.6,7.9,7.0,6.7,5.4,5.4,5.2,4.7,4.7,4.5,4.1,3.5
739,PC,Y_GE15,T,DE93,6.3,5.4,5.7,5.3,4.4,4.3,4.0,3.5,3.3,3.4,2.4,2.6
740,PC,Y_GE15,T,DE94,6.2,5.9,5.9,4.2,4.3,4.0,4.1,3.9,3.6,3.0,2.7,2.9
741,PC,Y_GE15,T,DEA1,7.4,7.7,7.6,6.7,6.5,6.3,6.3,5.9,4.9,4.3,4.3,3.8
742,PC,Y_GE15,T,DEA2,7.0,7.1,7.0,6.0,5.4,5.8,5.3,4.8,3.9,3.7,3.6,3.4
743,PC,Y_GE15,T,DEA3,6.4,7.3,6.6,5.3,4.9,5.1,4.9,4.4,4.3,3.9,3.6,3.4
744,PC,Y_GE15,T,DEA4,7.2,7.7,7.0,5.5,4.7,5.0,5.0,4.7,4.1,3.9,3.2,3.0
745,PC,Y_GE15,T,DEA5,8.7,9.2,8.2,7.1,6.6,6.5,5.7,5.7,5.0,4.6,4.0,3.9
746,PC,Y_GE15,T,DEB1,5.8,6.7,5.1,4.4,4.0,3.8,4.0,3.4,3.4,3.1,2.7,2.2
747,PC,Y_GE15,T,DEB2,5.2,4.6,4.1,4.1,2.7,3.0,3.0,2.9,2.7,2.0,2.5,2.0
748,PC,Y_GE15,T,DEB3,5.7,5.8,6.0,5.2,4.3,4.4,3.9,4.1,4.1,3.8,3.5,3.3
749,PC,Y_GE15,T,DEC0,7.1,8.4,6.9,5.8,6.2,5.9,5.8,5.6,4.8,4.5,3.6,3.7
750,PC,Y_GE15,T,DED2,12.3,12.0,10.3,8.6,7.5,7.2,7.4,6.2,4.9,4.3,4.0,3.5
751,PC,Y_GE15,T,DED4,12.7,12.5,11.5,8.8,7.9,7.4,6.3,5.4,4.4,4.1,3.4,3.7
752,PC,Y_GE15,T,DED5,14.3,13.1,12.1,11.1,9.5,9.2,8.3,7.7,6.0,5.1,4.7,4.7
753,PC,Y_GE15,T,DEE0,14.5,13.7,11.4,10.4,9.5,9.1,8.8,8.0,7.4,6.9,5.3,4.6
754,PC,Y_GE15,T,DEF0,6.8,7.3,6.6,5.8,5.0,4.9,4.6,4.2,4.0,3.6,3.1,2.9
755,PC,Y_GE15,T,DEG0,10.7,10.7,8.6,7.6,7.2,6.0,6.0,5.8,5.1,4.4,4.1,3.7
756,PC,Y_GE15,T,DK01,3.9,6.5,8.0,8.3,8.4,7.7,7.5,6.8,6.2,6.2,5.4,5.1
757,PC,Y_GE15,T,DK02,3.5,5.6,7.1,7.4,6.7,7.3,6.6,6.0,6.2,5.6,5.2,4.9
758,PC,Y_GE15,T,DK03,3.6,6.5,8.0,7.7,8.0,7.7,7.0,6.2,6.1,6.1,4.9,4.8
759,PC,Y_GE15,T,DK04,3.5,6.2,7.6,7.1,7.2,6.9,6.3,5.7,5.4,5.4,4.7,4.9
760,PC,Y_GE15,T,DK05,3.8,7.4,7.7,8.1,8.2,6.9,6.9,6.4,6.0,5.6,5.5,5.8
761,PC,Y_GE15,T,EE00,5.5,13.5,16.7,12.3,10.0,8.6,7.4,6.2,6.8,5.8,5.4,4.4
762,PC,Y_GE15,T,EL30,6.7,9.1,12.6,18.0,25.8,28.7,27.3,25.2,23.0,21.6,19.9,16.9
763,PC,Y_GE15,T,EL41,4.7,6.6,9.4,15.0,21.8,22.0,22.3,18.0,18.3,22.5,22.3,17.6
764,PC,Y_GE15,T,EL42,8.3,12.3,14.6,15.2,15.4,21.3,20.1,14.9,17.4,16.0,16.9,13.7
765,PC,Y_GE15,T,EL43,6.4,9.0,12.0,15.8,22.3,24.9,24.0,24.2,22.6,17.7,13.4,11.7
766,PC,Y_GE15,T,EL51,8.8,11.1,14.5,20.2,22.8,26.8,24.2,23.4,22.8,19.5,15.9,16.2
767,PC,Y_GE15,T,EL52,8.4,10.1,13.7,19.7,26.2,30.2,28.7,26.0,24.5,22.9,20.7,19.6
768,PC,Y_GE15,T,EL53,12.5,12.4,15.4,23.1,29.7,31.6,27.6,30.7,31.3,29.1,27.0,24.5
769,PC,Y_GE15,T,EL54,9.9,11.2,12.6,16.5,22.5,27.4,26.8,24.5,24.3,24.8,20.1,16.4
770,PC,Y_GE15,T,EL61,8.3,9.2,12.1,16.8,22.6,25.4,25.4,26.9,25.5,20.6,18.3,18.5
771,PC,Y_GE15,T,EL62,8.3,9.5,14.6,14.1,14.7,18.1,21.4,19.0,16.0,19.6,15.9,12.3
772,PC,Y_GE15,T,EL63,9.9,9.7,11.9,17.6,25.6,28.4,28.7,28.5,29.8,26.3,24.1,24.1
773,PC,Y_GE15,T,EL64,8.5,10.5,12.5,19.0,27.9,28.2,26.8,25.8,25.0,20.8,18.9,17.2
774,PC,Y_GE15,T,EL65,7.0,7.9,9.6,13.8,19.2,21.9,23.4,22.3,19.2,16.8,14.4,12.0
775,PC,Y_GE15,T,ES11,8.6,12.4,15.3,17.3,20.5,22.0,21.7,19.3,17.2,15.7,13.3,11.8
776,PC,Y_GE15,T,ES12,8.5,13.4,15.9,17.8,21.8,24.1,21.1,19.1,17.6,13.7,13.6,14.2
777,PC,Y_GE15,T,ES13,7.2,12.0,13.7,15.3,17.8,20.4,19.4,17.6,14.9,13.6,10.7,10.3
778,PC,Y_GE15,T,ES21,6.6,11.3,10.7,12.4,15.6,16.6,16.3,14.8,12.6,11.3,10.0,9.2
779,PC,Y_GE15,T,ES22,6.8,10.8,11.9,13.0,16.2,17.9,15.7,13.8,12.5,10.2,10.0,8.2
780,PC,Y_GE15,T,ES23,7.9,12.6,14.1,17.2,20.6,20.0,18.2,15.4,13.5,12.0,10.4,10.0
781,PC,Y_GE15,T,ES24,7.3,13.1,15.0,17.1,18.7,21.4,20.2,16.3,14.7,11.6,10.6,10.0
782,PC,Y_GE15,T,ES30,8.6,13.9,15.8,16.3,18.5,19.8,18.7,17.1,15.7,13.3,12.2,10.6
783,PC,Y_GE15,T,ES41,9.6,14.0,15.8,16.9,19.8,21.7,20.8,18.3,15.8,14.1,12.1,11.6
784,PC,Y_GE15,T,ES42,11.7,18.9,21.2,23.1,28.6,30.0,29.0,26.3,23.5,20.8,18.2,16.2
785,PC,Y_GE15,T,ES43,15.4,20.6,23.0,25.1,33.1,33.9,29.8,29.1,27.5,26.2,23.6,21.5
786,PC,Y_GE15,T,ES51,8.9,16.2,17.7,19.2,22.5,23.1,20.3,18.6,15.7,13.4,11.5,11.0
787,PC,Y_GE15,T,ES52,12.0,20.8,22.9,24.0,27.2,28.0,25.8,22.8,20.6,18.2,15.6,14.1
788,PC,Y_GE15,T,ES53,10.2,17.9,20.1,21.9,23.2,22.3,20.0,17.3,13.9,12.4,11.5,11.7
789,PC,Y_GE15,T,ES61,17.7,25.2,27.8,30.1,34.4,36.2,34.8,31.5,28.9,25.5,23.0,21.2
790,PC,Y_GE15,T,ES62,12.4,20.3,22.9,25.0,27.6,29.0,26.6,24.6,19.8,18.0,16.8,14.7
791,PC,Y_GE15,T,ES63,17.4,18.5,23.9,27.7,37.0,34.8,31.9,27.6,24.9,22.4,29.0,25.8
792,PC,Y_GE15,T,ES64,20.0,23.5,22.8,22.4,26.9,32.5,28.4,34.0,30.8,27.6,25.8,27.0
793,PC,Y_GE15,T,ES70,17.2,26.0,28.6,29.3,32.6,33.7,32.4,29.1,26.1,23.5,20.1,20.5
794,PC,Y_GE15,T,FI19,6.5,9.0,9.0,8.3,8.2,8.5,8.7,9.8,9.4,9.3,7.4,6.4
795,PC,Y_GE15,T,FI1B,4.8,6.2,6.4,5.8,6.3,6.7,7.3,8.0,7.4,7.7,6.9,6.4
796,PC,Y_GE15,T,FI1C,6.2,8.1,9.1,8.5,7.5,8.4,9.4,10.0,9.1,8.5,7.4,6.3
797,PC,Y_GE15,T,FI1D,8.7,10.5,10.1,9.4,9.5,9.9,10.0,10.4,10.2,9.6,8.1,7.8
798,PC,Y_GE15,T,FI20,,,,,,,,,,,,
799,PC,Y_GE15,T,FR10,6.9,8.1,8.5,8.2,8.1,9.0,9.7,9.6,9.2,8.7,8.7,8.1
800,PC,Y_GE15,T,FRB0,5.5,6.7,7.0,8.3,10.8,10.6,9.5,10.7,9.9,8.5,8.3,8.2
801,PC,Y_GE15,T,FRC1,6.4,7.9,8.9,8.8,8.8,10.6,10.7,8.8,9.6,10.7,8.9,7.5
802,PC,Y_GE15,T,FRC2,6.9,8.9,8.2,7.9,9.0,9.5,9.9,9.3,8.1,6.9,7.3,8.1
803,PC,Y_GE15,T,FRD1,6.3,6.9,8.2,9.2,8.8,9.1,8.2,8.2,8.6,8.1,8.0,8.3
804,PC,Y_GE15,T,FRD2,8.4,10.0,9.7,8.9,10.9,11.6,11.9,10.6,11.5,11.3,9.3,9.8
805,PC,Y_GE15,T,FRE1,11.0,13.1,12.5,12.3,13.1,14.7,13.8,13.8,13.3,12.9,12.1,11.2
806,PC,Y_GE15,T,FRE2,7.2,10.3,11.4,9.0,10.6,11.5,11.6,10.8,11.5,10.0,9.2,9.0
807,PC,Y_GE15,T,FRF1,5.9,8.2,8.1,7.4,8.5,9.7,10.1,9.1,10.8,9.0,8.0,7.2
808,PC,Y_GE15,T,FRF2,7.5,9.2,9.2,10.3,10.7,10.5,11.4,13.0,11.3,9.6,8.8,9.1
809,PC,Y_GE15,T,FRF3,8.1,11.2,9.4,10.1,11.7,12.1,11.8,12.2,11.7,11.0,9.8,8.1
810,PC,Y_GE15,T,FRG0,6.1,7.6,8.5,8.5,8.4,8.8,8.6,9.1,8.9,7.1,7.8,7.5
811,PC,Y_GE15,T,FRH0,5.2,5.6,6.8,7.1,8.0,8.0,7.4,7.8,8.6,7.3,6.8,6.9
812,PC,Y_GE15,T,FRI1,7.1,8.3,8.1,9.0,9.4,8.9,9.1,9.7,10.0,10.1,9.3,9.1
813,PC,Y_GE15,T,FRI2,5.4,6.2,7.0,7.5,6.7,6.9,9.3,8.9,7.1,6.3,7.0,7.0
814,PC,Y_GE15,T,FRI3,7.0,8.4,7.7,8.1,8.3,9.9,10.9,9.8,9.0,9.1,8.7,8.1
815,PC,Y_GE15,T,FRJ1,9.4,13.3,13.7,11.9,15.0,12.9,12.3,13.0,11.9,12.3,11.7,10.3
816,PC,Y_GE15,T,FRJ2,6.1,8.7,7.8,8.1,8.3,8.6,9.1,8.6,8.5,7.2,7.7,6.8
817,PC,Y_GE15,T,FRK1,6.4,7.4,7.0,8.4,10.0,8.9,7.3,8.6,7.2,8.4,7.7,5.5
818,PC,Y_GE15,T,FRK2,6.3,8.4,8.1,7.7,8.0,8.4,8.8,9.1,8.1,7.2,7.3,7.0
819,PC,Y_GE15,T,FRL0,7.8,9.2,9.7,9.7,9.6,10.9,10.0,11.0,10.5,10.3,9.3,8.7
820,PC,Y_GE15,T,FRM0,7.9,,6.0,,7.9,12.3,9.8,11.9,8.3,9.8,5.0,6.4
821,PC,Y_GE15,T,FRY1,21.9,23.4,23.8,22.6,23.0,26.2,23.9,23.6,23.3,22.0,22.4,20.5
822,PC,Y_GE15,T,FRY2,22.3,21.8,21.0,20.8,21.0,22.8,19.4,17.9,17.1,17.5,17.2,14.9
823,PC,Y_GE15,T,FRY3,21.4,20.2,21.0,21.0,22.3,21.3,22.2,21.9,22.6,21.3,18.7,19.9
824,PC,Y_GE15,T,FRY4,24.4,27.1,28.9,29.6,28.6,28.9,26.4,23.5,21.8,22.4,23.9,21.3
825,PC,Y_GE15,T,FRY5,,,,,,19.4,20.3,25.3,29.7,29.6,35.1,30.1
826,PC,Y_GE15,T,HR03,8.7,9.6,11.1,13.3,14.8,15.0,17.2,16.8,14.2,10.9,9.4,6.4
827,PC,Y_GE15,T,HR04,8.5,9.0,11.9,13.9,16.5,18.3,17.3,15.9,12.6,11.4,8.0,6.7
828,PC,Y_GE15,T,HU10,4.5,6.5,8.9,9.0,9.5,,,,,,,
829,PC,Y_GE15,T,HU11,,,,,,8.5,6.0,5.1,4.3,2.9,3.1,2.5
830,PC,Y_GE15,T,HU12,,,,,,9.1,6.5,5.7,3.1,2.6,2.2,2.4
831,PC,Y_GE15,T,HU21,5.8,9.2,10.0,9.5,9.9,8.7,5.6,4.4,3.0,2.2,2.2,2.0
832,PC,Y_GE15,T,HU22,5.0,8.7,9.3,7.3,7.5,7.7,4.6,3.8,2.7,2.4,2.0,1.8
833,PC,Y_GE15,T,HU23,10.3,11.2,12.4,12.9,12.1,9.3,7.8,8.1,6.2,6.3,5.6,4.8
834,PC,Y_GE15,T,HU31,13.3,15.3,16.2,16.4,16.1,12.6,10.4,8.7,6.3,5.8,4.7,4.5
835,PC,Y_GE15,T,HU32,12.1,14.1,14.4,14.6,13.9,14.2,11.8,10.9,9.3,7.4,6.6,6.3
836,PC,Y_GE15,T,HU33,8.7,10.6,10.4,10.5,10.3,11.0,9.0,7.9,5.6,4.1,3.3,3.5
837,PC,Y_GE15,T,IE01,7.4,13.4,14.6,16.1,,,,,,,,
838,PC,Y_GE15,T,IE02,6.5,12.3,14.5,15.1,,,,,,,,
839,PC,Y_GE15,T,IE04,,,,,15.7,13.1,11.5,10.0,8.5,6.2,5.6,4.7
840,PC,Y_GE15,T,IE05,,,,,16.6,14.3,12.6,10.6,8.6,7.0,6.1,5.5
841,PC,Y_GE15,T,IE06,,,,,14.6,13.6,11.5,9.4,8.2,6.7,5.6,4.7
842,PC,Y_GE15,T,IS00,2.9,7.2,7.6,7.0,6.0,5.4,4.9,4.0,3.0,2.7,2.7,3.5
843,PC,Y_GE15,T,ITC1,5.1,6.8,7.5,7.6,9.2,10.5,11.3,10.2,9.3,9.1,8.2,7.6
844,PC,Y_GE15,T,ITC2,3.3,4.5,4.5,5.3,7.1,8.3,8.9,8.9,8.7,7.8,7.0,6.5
845,PC,Y_GE15,T,ITC3,5.4,5.8,6.6,6.4,8.1,9.8,10.8,9.2,9.7,9.5,9.9,9.6
846,PC,Y_GE15,T,ITC4,3.7,5.3,5.5,5.7,7.4,8.0,8.2,7.9,7.4,6.4,6.0,5.6
847,PC,Y_GE15,T,ITF1,6.6,8.0,8.7,8.6,10.8,11.3,12.6,12.6,12.1,11.7,10.8,11.2
848,PC,Y_GE15,T,ITF2,9.1,9.0,8.4,9.9,12.0,15.6,15.2,14.3,12.8,14.6,13.0,12.2
849,PC,Y_GE15,T,ITF3,12.5,12.9,13.9,15.4,19.2,21.5,21.7,19.8,20.4,20.9,20.4,20.0
850,PC,Y_GE15,T,ITF4,11.6,12.6,13.5,13.2,15.7,19.7,21.5,19.7,19.4,18.8,16.0,14.9
851,PC,Y_GE15,T,ITF5,11.0,11.2,12.9,11.9,14.5,15.2,14.7,13.7,13.3,12.8,12.5,10.8
852,PC,Y_GE15,T,ITF6,12.0,11.3,11.9,12.7,19.4,22.3,23.4,22.9,23.2,21.6,21.6,21.0
853,PC,Y_GE15,T,ITG1,13.7,13.8,14.6,14.3,18.4,21.0,22.2,21.4,22.1,21.5,21.5,20.0
854,PC,Y_GE15,T,ITG2,12.2,13.2,14.0,13.5,15.4,17.5,18.6,17.4,17.3,17.0,15.4,14.7
855,PC,Y_GE15,T,ITH1,2.3,2.9,2.7,3.3,4.1,4.4,4.4,3.8,3.7,3.1,2.9,2.9
856,PC,Y_GE15,T,ITH2,3.3,3.5,4.2,4.4,6.1,6.5,6.9,6.8,6.8,5.7,4.8,5.0
857,PC,Y_GE15,T,ITH3,3.4,4.7,5.7,4.9,6.4,7.6,7.5,7.1,6.8,6.3,6.4,5.6
858,PC,Y_GE15,T,ITH4,4.3,5.2,5.7,5.2,6.7,7.7,8.0,8.0,7.5,6.7,6.7,6.1
859,PC,Y_GE15,T,ITH5,3.2,4.7,5.6,5.2,7.0,8.4,8.3,7.7,6.9,6.5,5.9,5.5
860,PC,Y_GE15,T,ITI1,5.0,5.8,6.0,6.3,7.8,8.7,10.1,9.2,9.5,8.6,7.3,6.7
861,PC,Y_GE15,T,ITI2,4.8,6.6,6.6,6.4,9.5,10.3,11.3,10.4,9.6,10.5,9.2,8.5
862,PC,Y_GE15,T,ITI3,4.7,6.6,5.7,6.8,9.1,10.9,10.1,9.9,10.6,10.6,8.1,8.6
863,PC,Y_GE15,T,ITI4,7.5,8.4,9.2,8.7,10.6,12.0,12.5,11.8,11.1,10.7,11.1,9.9
864,PC,Y_GE15,T,LT00,5.8,13.8,17.8,15.4,13.4,,,,,,,
865,PC,Y_GE15,T,LT01,,,,,,9.7,8.5,7.6,5.6,4.8,4.6,4.4
866,PC,Y_GE15,T,LT02,,,,,,12.6,11.6,9.8,8.8,8.1,6.9,7.1
867,PC,Y_GE15,T,LU00,5.1,5.1,4.4,4.9,5.1,5.8,5.9,6.7,6.3,5.5,5.6,5.6
868,PC,Y_GE15,T,LV00,7.7,17.5,19.5,16.2,15.0,11.9,10.8,9.9,9.6,8.7,7.4,6.3
869,PC,Y_GE15,T,ME00,,,,19.7,20.0,19.5,18.0,17.5,17.7,16.1,15.2,15.1
870,PC,Y_GE15,T,MK00,33.8,32.2,32.0,31.4,31.0,29.0,28.0,26.1,23.7,22.4,20.7,17.3
871,PC,Y_GE15,T,MT00,6.0,6.9,6.8,6.4,6.2,6.1,5.7,5.4,4.7,4.0,3.7,3.6
872,PC,Y_GE15,T,NL11,5.9,6.8,6.2,6.8,7.0,8.2,8.6,9.1,8.2,7.2,5.5,5.1
873,PC,Y_GE15,T,NL12,3.8,4.4,5.3,5.1,6.4,8.3,7.9,7.9,6.7,5.5,4.7,3.7
874,PC,Y_GE15,T,NL13,4.4,4.7,4.9,5.3,6.4,7.1,7.3,7.5,6.5,5.0,4.1,2.8
875,PC,Y_GE15,T,NL21,3.5,4.0,4.9,4.9,5.6,7.2,7.3,6.9,6.2,5.1,3.7,3.0
876,PC,Y_GE15,T,NL22,3.5,3.8,4.6,4.7,5.3,6.6,6.9,6.3,5.6,4.5,3.3,3.1
877,PC,Y_GE15,T,NL23,4.2,4.5,5.7,5.4,7.3,9.9,11.0,7.9,7.9,5.7,4.5,3.5
878,PC,Y_GE15,T,NL31,2.8,3.9,4.2,4.2,5.2,6.4,6.4,6.4,5.0,4.2,3.4,2.9
879,PC,Y_GE15,T,NL32,3.5,4.1,4.7,5.0,5.4,7.2,6.9,6.2,5.5,4.5,3.8,3.1
880,PC,Y_GE15,T,NL33,3.8,4.8,5.7,5.6,6.9,7.9,8.4,7.8,7.1,5.5,4.3,4.0
881,PC,Y_GE15,T,NL34,2.7,2.5,3.0,3.2,3.5,5.0,5.4,5.3,3.9,2.9,2.7,2.6
882,PC,Y_GE15,T,NL41,3.2,4.0,4.7,4.6,5.3,6.7,7.0,6.5,5.3,4.2,3.4,3.2
883,PC,Y_GE15,T,NL42,4.6,5.6,5.6,4.8,5.4,7.4,7.4,6.3,5.7,4.7,3.4,3.1
884,PC,Y_GE15,T,NO01,2.9,3.6,4.0,3.4,3.2,3.9,3.8,4.7,4.6,4.6,4.2,3.9
885,PC,Y_GE15,T,NO02,2.4,2.5,3.2,2.9,3.0,2.9,2.9,4.5,4.5,2.8,2.9,3.2
886,PC,Y_GE15,T,NO03,2.7,3.4,3.7,3.6,3.5,3.9,4.1,4.5,5.1,4.4,3.7,3.7
887,PC,Y_GE15,T,NO04,1.8,2.2,2.6,2.2,2.7,3.2,3.1,4.6,5.5,5.2,4.4,3.9
888,PC,Y_GE15,T,NO05,2.1,2.4,3.4,3.1,2.9,3.1,3.0,3.9,4.8,4.0,3.8,3.6
889,PC,Y_GE15,T,NO06,3.3,3.7,3.6,3.5,3.3,2.6,3.8,3.7,4.0,2.9,3.1,3.8
890,PC,Y_GE15,T,NO07,2.9,3.7,3.8,3.5,3.3,3.2,3.3,3.4,3.2,3.2,3.2,3.0
891,PC,Y_GE15,T,PL21,6.2,7.9,9.1,9.3,10.4,10.9,9.1,7.1,5.2,4.2,2.9,2.8
892,PC,Y_GE15,T,PL22,6.6,6.7,9.2,9.2,9.4,9.7,8.6,7.2,5.4,3.9,3.4,2.4
893,PC,Y_GE15,T,PL41,6.1,7.5,8.8,8.6,8.5,8.8,7.7,5.8,4.8,3.1,2.2,2.6
894,PC,Y_GE15,T,PL42,9.5,10.4,12.4,11.8,10.9,10.1,8.4,7.5,6.9,4.6,3.8,3.2
895,PC,Y_GE15,T,PL43,6.5,9.6,10.6,9.4,9.0,9.7,8.3,6.4,4.7,3.7,3.0,2.0
896,PC,Y_GE15,T,PL51,9.1,10.1,11.3,10.6,11.1,11.3,9.1,7.0,5.5,4.7,3.3,3.3
897,PC,Y_GE15,T,PL52,6.5,9.9,9.6,9.3,9.5,9.4,7.8,6.5,5.0,4.3,3.2,3.2
898,PC,Y_GE15,T,PL61,9.1,10.4,10.6,11.0,11.9,12.4,10.7,7.9,7.4,5.5,4.3,4.0
899,PC,Y_GE15,T,PL62,7.4,8.5,9.7,9.6,11.0,11.4,9.8,9.5,8.8,7.2,5.6,3.3
900,PC,Y_GE15,T,PL63,5.5,6.4,9.3,8.5,9.5,10.0,8.6,6.6,5.7,4.2,3.0,2.8
901,PC,Y_GE15,T,PL71,6.7,7.6,9.3,9.3,11.1,11.1,8.9,7.7,5.5,4.6,4.3,3.7
902,PC,Y_GE15,T,PL72,8.8,10.8,12.0,12.9,13.1,13.0,11.4,10.1,8.9,7.0,5.8,4.2
903,PC,Y_GE15,T,PL81,8.8,9.7,9.8,10.3,10.5,10.3,9.9,9.3,8.0,7.2,6.3,5.4
904,PC,Y_GE15,T,PL82,8.2,10.1,11.6,12.4,13.2,14.4,14.0,11.6,9.6,8.4,6.5,5.1
905,PC,Y_GE15,T,PL84,6.4,7.1,10.2,9.3,9.2,9.9,9.1,7.0,6.7,4.7,3.2,3.1
906,PC,Y_GE15,T,PL91,,,,,,5.9,5.8,4.9,3.6,3.5,2.4,2.0
907,PC,Y_GE15,T,PL92,,,,,,10.5,8.9,8.3,7.8,6.4,5.7,4.6
908,PC,Y_GE15,T,PT11,8.6,10.9,12.6,13.0,16.0,17.1,14.8,13.7,12.0,9.8,7.3,6.7
909,PC,Y_GE15,T,PT15,7.0,10.4,13.4,15.4,17.6,16.9,14.5,12.5,9.2,7.7,6.4,7.1
910,PC,Y_GE15,T,PT16,5.3,6.8,7.6,10.0,11.7,11.4,10.6,9.2,8.4,6.9,5.6,4.9
911,PC,Y_GE15,T,PT17,8.2,9.8,11.3,14.1,17.6,18.5,14.9,13.1,11.9,9.5,7.4,7.1
912,PC,Y_GE15,T,PT18,8.9,10.5,11.4,12.4,16.0,16.9,14.3,13.3,12.1,8.4,7.2,6.9
913,PC,Y_GE15,T,PT20,5.4,6.7,6.8,11.3,15.1,17.0,16.3,12.8,11.1,9.0,8.6,7.9
914,PC,Y_GE15,T,PT30,5.9,7.5,7.4,13.5,17.2,18.1,15.0,14.7,12.9,10.4,8.8,7.0
915,PC,Y_GE15,T,RO11,3.8,5.6,6.5,5.1,4.6,4.1,3.8,4.6,4.3,3.6,2.9,3.0
916,PC,Y_GE15,T,RO12,8.5,10.7,10.3,10.8,9.5,9.5,9.2,7.4,5.2,4.2,4.2,5.3
917,PC,Y_GE15,T,RO21,4.5,6.0,5.5,4.7,4.2,4.4,4.2,3.6,3.0,2.9,2.4,2.1
918,PC,Y_GE15,T,RO22,7.2,7.5,8.2,9.6,9.4,9.5,10.4,9.0,7.7,6.5,6.1,6.4
919,PC,Y_GE15,T,RO31,6.8,8.0,7.8,10.0,9.5,9.5,9.0,10.3,8.9,6.8,5.5,4.7
920,PC,Y_GE15,T,RO32,3.4,4.0,4.7,5.6,6.5,8.0,7.2,5.3,4.7,4.3,3.6,2.5
921,PC,Y_GE15,T,RO41,6.5,6.8,7.3,6.6,6.1,7.0,6.5,10.1,9.9,7.7,6.4,5.3
922,PC,Y_GE15,T,RO42,5.7,6.0,6.0,5.7,5.1,5.2,4.8,5.4,4.9,4.4,3.6,3.4
923,PC,Y_GE15,T,RS11,,,,,,17.8,17.2,18.7,15.7,13.3,10.9,8.2
924,PC,Y_GE15,T,RS12,,,,,,23.9,19.9,16.6,15.1,12.2,10.5,9.0
925,PC,Y_GE15,T,RS21,,,,,,22.3,18.0,16.8,14.7,13.6,13.8,11.5
926,PC,Y_GE15,T,RS22,,,,,,24.0,22.1,18.8,15.8,15.2,16.2,13.1
927,PC,Y_GE15,T,SE11,5.2,6.8,7.2,6.6,6.8,6.9,7.1,7.0,6.5,6.3,5.6,6.1
928,PC,Y_GE15,T,SE12,6.9,9.3,9.7,8.4,8.6,8.8,8.3,7.9,7.7,7.6,7.2,7.3
929,PC,Y_GE15,T,SE21,5.0,8.1,7.9,7.1,7.4,7.1,6.7,6.0,6.2,5.5,5.7,6.3
930,PC,Y_GE15,T,SE22,7.4,8.7,8.8,9.2,9.4,9.9,10.0,9.5,8.4,8.4,8.6,8.9
931,PC,Y_GE15,T,SE23,6.1,8.6,8.7,7.4,7.7,8.0,7.6,6.6,6.5,6.0,5.6,6.1
932,PC,Y_GE15,T,SE31,6.6,9.4,9.0,8.8,8.6,8.8,8.6,7.9,7.5,6.9,6.4,7.3
933,PC,Y_GE15,T,SE32,7.1,8.9,10.3,8.8,8.4,7.2,7.4,7.1,6.8,6.2,5.5,6.7
934,PC,Y_GE15,T,SE33,6.6,8.9,9.5,8.0,7.7,7.2,7.4,7.2,5.8,5.9,5.4,6.1
935,PC,Y_GE15,T,SI01,5.2,6.8,,,,,,,,,,
936,PC,Y_GE15,T,SI02,3.4,4.8,,,,,,,,,,
937,PC,Y_GE15,T,SI03,,,7.8,9.2,9.9,11.3,11.0,10.3,8.9,6.8,5.4,4.9
938,PC,Y_GE15,T,SI04,,,6.6,7.0,7.6,8.7,8.1,7.5,7.1,6.3,4.7,4.0
939,PC,Y_GE15,T,SK01,3.4,4.6,6.2,5.8,5.7,6.4,6.0,5.7,5.1,4.2,2.9,2.3
940,PC,Y_GE15,T,SK02,6.4,9.9,12.7,10.7,11.3,11.7,11.0,9.7,7.7,5.5,4.3,4.0
941,PC,Y_GE15,T,SK03,13.1,14.6,16.5,15.9,16.2,16.8,15.9,12.8,10.8,9.4,7.5,6.1
942,PC,Y_GE15,T,SK04,13.2,15.9,18.5,18.7,19.0,18.5,16.6,15.0,13.2,12.0,10.1,9.1
943,PC,Y_GE15,T,TR10,10.0,15.9,13.5,11.1,10.7,10.6,11.9,12.8,13.5,13.8,12.4,14.8
944,PC,Y_GE15,T,TR21,9.9,11.6,8.4,8.1,6.2,6.4,7.6,7.3,7.5,8.3,7.5,11.1
945,PC,Y_GE15,T,TR22,6.2,7.1,6.0,4.3,4.5,5.6,5.6,5.3,6.7,5.9,5.7,8.3
946,PC,Y_GE15,T,TR31,10.9,15.4,14.1,13.7,13.3,14.3,13.8,14.9,13.9,14.0,13.7,15.9
947,PC,Y_GE15,T,TR32,9.6,12.8,10.3,7.5,6.6,6.0,7.2,6.8,6.7,7.1,6.9,9.2
948,PC,Y_GE15,T,TR33,7.0,9.6,6.8,4.5,4.1,5.2,3.9,4.1,4.9,6.1,6.8,9.8
949,PC,Y_GE15,T,TR41,9.7,12.6,9.2,6.7,6.4,6.0,6.2,7.7,9.0,9.7,8.9,11.2
950,PC,Y_GE15,T,TR42,9.7,12.8,11.1,10.6,8.9,9.0,9.9,10.1,10.6,10.8,10.1,13.4
951,PC,Y_GE15,T,TR51,10.8,12.2,10.7,8.5,8.3,9.0,11.5,11.1,11.3,11.3,10.1,14.2
952,PC,Y_GE15,T,TR52,9.1,8.8,7.1,5.5,5.0,3.8,5.5,6.5,6.1,5.9,5.8,7.9
953,PC,Y_GE15,T,TR61,8.5,10.1,9.8,8.7,7.3,7.2,8.4,9.4,11.4,11.9,11.4,13.3
954,PC,Y_GE15,T,TR62,14.4,19.9,14.9,9.3,9.1,11.3,10.7,9.8,10.3,10.6,11.2,11.9
955,PC,Y_GE15,T,TR63,14.1,14.8,11.7,10.5,9.0,10.8,15.3,16.3,14.4,11.5,14.1,18.1
956,PC,Y_GE15,T,TR71,8.1,14.2,9.0,7.0,6.2,5.5,7.6,9.9,13.4,11.3,10.8,13.1
957,PC,Y_GE15,T,TR72,10.1,11.2,12.3,9.8,7.3,8.4,9.5,9.7,8.3,11.7,13.0,14.3
958,PC,Y_GE15,T,TR81,5.9,6.7,10.2,6.9,6.5,6.2,6.0,6.9,8.7,7.2,8.1,9.5
959,PC,Y_GE15,T,TR82,4.9,8.4,7.5,5.3,4.5,5.6,6.5,6.8,5.7,4.5,5.1,7.5
960,PC,Y_GE15,T,TR83,6.3,6.0,6.0,4.7,4.9,5.5,6.2,6.6,7.9,6.7,6.4,8.3
961,PC,Y_GE15,T,TR90,4.3,4.2,4.8,5.3,5.2,6.0,6.2,4.8,4.5,3.5,6.1,9.8
962,PC,Y_GE15,T,TRA1,5.2,6.3,5.5,5.6,5.5,6.1,7.3,6.0,4.9,5.3,7.4,11.2
963,PC,Y_GE15,T,TRA2,4.8,7.5,8.7,9.1,6.3,5.6,3.3,3.9,4.8,5.5,5.3,9.5
964,PC,Y_GE15,T,TRB1,12.3,14.8,10.6,7.8,5.8,5.7,7.5,7.9,8.8,6.8,8.0,9.8
965,PC,Y_GE15,T,TRB2,12.6,14.6,15.5,11.0,7.5,9.2,13.4,9.7,9.1,12.6,21.6,25.7
966,PC,Y_GE15,T,TRC1,15.0,14.3,11.4,13.2,10.6,6.2,8.1,9.7,13.9,14.3,12.3,15.1
967,PC,Y_GE15,T,TRC2,12.8,16.7,11.1,6.8,6.0,16.0,17.5,17.4,17.2,13.8,18.6,23.2
968,PC,Y_GE15,T,TRC3,15.8,13.8,10.4,10.3,18.8,19.4,24.0,24.4,28.1,26.9,24.8,30.8
969,PC,Y_GE15,T,UKC1,7.8,8.3,9.1,11.8,11.5,10.9,9.8,8.5,6.9,5.2,4.4,5.6
970,PC,Y_GE15,T,UKC2,7.2,9.8,9.6,9.8,9.0,9.2,8.3,7.7,7.1,5.8,5.2,5.6
971,PC,Y_GE15,T,UKD1,3.1,6.4,6.5,7.0,6.3,5.1,5.0,4.2,3.7,3.4,1.9,2.0
972,PC,Y_GE15,T,UKD3,7.6,9.5,8.7,9.7,10.1,9.4,7.9,6.5,6.1,4.0,4.2,5.1
973,PC,Y_GE15,T,UKD4,5.4,7.2,5.9,6.8,7.8,7.2,6.5,4.5,4.4,4.2,4.8,3.7
974,PC,Y_GE15,T,UKD6,5.0,6.0,6.1,5.7,5.9,5.2,3.4,3.5,3.2,3.1,3.2,3.2
975,PC,Y_GE15,T,UKD7,8.5,9.6,10.5,10.0,9.7,8.9,7.4,5.8,4.9,5.2,4.0,3.8
976,PC,Y_GE15,T,UKE1,5.1,9.4,9.4,8.9,9.7,8.4,8.0,6.4,5.5,4.6,5.6,4.6
977,PC,Y_GE15,T,UKE2,2.8,5.4,6.7,6.5,5.0,4.4,4.5,3.1,2.9,4.1,3.2,2.7
978,PC,Y_GE15,T,UKE3,8.1,9.6,9.4,10.6,10.4,10.5,8.8,7.4,7.1,5.6,5.0,5.1
979,PC,Y_GE15,T,UKE4,6.4,8.6,9.7,9.7,9.4,9.3,6.7,6.6,5.8,4.8,4.7,4.6
980,PC,Y_GE15,T,UKF1,5.2,7.2,8.8,8.8,8.3,7.2,6.1,4.8,4.5,3.6,4.4,3.9
981,PC,Y_GE15,T,UKF2,6.0,7.3,7.2,7.5,7.0,7.8,5.3,4.4,4.5,4.6,4.2,4.2
982,PC,Y_GE15,T,UKF3,6.2,6.3,4.9,6.5,8.5,6.4,4.6,4.5,4.3,3.7,4.2,3.6
983,PC,Y_GE15,T,UKG1,4.3,6.4,6.3,6.1,4.9,5.1,4.4,3.2,3.7,2.9,3.0,2.9
984,PC,Y_GE15,T,UKG2,4.4,7.1,7.7,7.9,6.7,6.2,5.3,4.6,4.2,4.9,3.7,3.3
985,PC,Y_GE15,T,UKG3,9.3,13.0,11.1,11.3,11.7,13.0,9.7,7.9,7.5,7.2,6.5,5.9
986,PC,Y_GE15,T,UKH1,4.5,5.9,6.6,6.3,6.4,6.2,5.0,4.3,3.8,3.9,3.5,2.9
987,PC,Y_GE15,T,UKH2,4.7,5.9,6.0,6.7,6.3,5.6,4.3,3.8,4.1,3.7,2.9,2.7
988,PC,Y_GE15,T,UKH3,5.1,6.9,7.0,6.8,7.4,6.3,6.2,4.3,3.8,4.2,2.8,3.2
989,PC,Y_GE15,T,UKI1,8.0,9.5,,,,,,,,,,
990,PC,Y_GE15,T,UKI2,6.6,8.6,,,,,,,,,,
991,PC,Y_GE15,T,UKI3,,,8.1,7.7,6.8,6.8,6.2,5.4,4.7,5.6,5.1,3.8
992,PC,Y_GE15,T,UKI4,,,10.9,12.0,10.7,9.8,7.8,7.2,7.2,5.3,4.3,4.0
993,PC,Y_GE15,T,UKI5,,,10.0,11.1,9.5,9.5,7.4,7.5,5.5,5.6,4.6,4.4
994,PC,Y_GE15,T,UKI6,,,7.1,8.2,7.3,7.4,5.9,4.6,4.2,4.9,4.7,4.1
995,PC,Y_GE15,T,UKI7,,,8.6,8.5,9.2,8.4,6.2,5.5,5.0,4.9,4.8,5.1
996,PC,Y_GE15,T,UKJ1,4.1,5.4,5.8,5.2,5.7,5.2,4.2,3.5,2.7,2.9,3.0,2.8
997,PC,Y_GE15,T,UKJ2,4.4,5.6,5.1,5.3,5.9,5.5,4.6,3.7,3.5,3.2,3.6,2.6
998,PC,Y_GE15,T,UKJ3,3.5,5.2,6.3,6.0,6.3,5.7,4.2,4.1,3.7,3.1,2.7,3.2
999,PC,Y_GE15,T,UKJ4,5.3,7.3,7.7,8.2,8.0,7.6,5.7,5.3,4.5,3.7,4.3,3.9
1000,PC,Y_GE15,T,UKK1,3.7,5.7,5.4,6.5,6.1,6.2,4.8,3.9,3.6,3.9,2.9,2.7
1001,PC,Y_GE15,T,UKK2,4.1,6.5,5.4,6.0,5.1,5.4,4.5,3.9,4.3,2.8,3.1,2.1
1002,PC,Y_GE15,T,UKK3,5.7,5.1,8.1,6.2,5.5,5.6,3.8,4.5,3.7,2.4,2.6,2.1
1003,PC,Y_GE15,T,UKK4,3.8,7.1,6.5,6.5,5.8,7.0,5.0,3.7,3.5,4.0,3.3,3.0
1004,PC,Y_GE15,T,UKL1,6.1,8.9,9.2,9.9,9.2,7.8,6.9,6.5,4.9,4.6,4.9,4.0
1005,PC,Y_GE15,T,UKL2,5.6,6.7,7.8,6.5,7.6,7.4,6.1,4.8,3.6,4.3,2.7,3.2
1006,PC,Y_GE15,T,UKM2,4.8,7.6,7.8,7.4,7.6,,,,,,,
1007,PC,Y_GE15,T,UKM3,5.4,7.5,10.1,9.6,9.2,,,,,,,
1008,PC,Y_GE15,T,UKM5,3.0,3.6,3.6,4.6,4.7,4.7,4.0,3.2,5.1,4.2,3.5,3.2
1009,PC,Y_GE15,T,UKM6,2.0,4.3,7.0,6.9,8.1,4.4,3.9,2.8,3.5,2.6,2.2,
1010,PC,Y_GE15,T,UKM7,,,,,,7.5,5.8,6.0,4.8,3.7,3.6,3.4
1011,PC,Y_GE15,T,UKM8,,,,,,8.1,7.8,7.0,5.3,4.7,5.1,4.5
1012,PC,Y_GE15,T,UKM9,,,,,,7.8,5.3,6.0,6.2,4.7,3.2,3.1
1013,PC,Y_GE15,T,UKN0,4.4,6.4,7.1,7.2,7.4,7.5,6.4,6.1,5.7,4.5,3.6,2.7
